$version Generated by VerilatedVcd $end
$timescale 1ps $end
 $scope module TOP $end
  $var wire 1 4 clk $end
  $var wire 1 5 reset $end
  $var wire 16 6 master_data [15:0] $end
  $var wire 1 7 start $end
  $var wire 1 8 miso $end
  $var wire 1 9 done $end
  $var wire 16 : data_received [15:0] $end
  $var wire 1 ; sck $end
  $var wire 1 < mosi $end
  $var wire 3 = debug_state [2:0] $end
  $var wire 1 > ss $end
  $scope module spi_dut $end
   $var wire 1 4 clk $end
   $var wire 1 5 reset $end
   $var wire 16 6 master_data [15:0] $end
   $var wire 1 7 start $end
   $var wire 1 8 miso $end
   $var wire 1 9 done $end
   $var wire 16 : data_received [15:0] $end
   $var wire 1 ; sck $end
   $var wire 1 < mosi $end
   $var wire 3 = debug_state [2:0] $end
   $var wire 1 > ss $end
   $scope module spi_if $end
    $var wire 1 + sck $end
    $var wire 1 ? mosi $end
    $var wire 1 3 miso $end
    $var wire 1 @ ss $end
    $var wire 16 6 data_to_send [15:0] $end
    $var wire 16 , data_received [15:0] $end
    $var wire 1 7 start $end
    $var wire 1 - done $end
   $upscope $end
   $scope module u_master $end
    $var wire 1 4 clk $end
    $var wire 1 5 reset $end
    $var wire 3 = debug_state [2:0] $end
    $scope module spi_if $end
     $var wire 1 + sck $end
     $var wire 1 ? mosi $end
     $var wire 1 3 miso $end
     $var wire 1 @ ss $end
     $var wire 16 6 data_to_send [15:0] $end
     $var wire 16 , data_received [15:0] $end
     $var wire 1 7 start $end
     $var wire 1 - done $end
    $upscope $end
    $var wire 3 # state [2:0] $end
    $var wire 16 $ sr [15:0] $end
    $var wire 16 % cmd_reg [15:0] $end
    $var wire 16 & sr_tx [15:0] $end
    $var wire 16 ' sr_rx [15:0] $end
    $var wire 7 ( bit_count [6:0] $end
    $var wire 16 ) sck_div [15:0] $end
    $var wire 32 A DIV_MAX [31:0] $end
    $var wire 32 B DIV_HALF [31:0] $end
    $var wire 1 * done_counter $end
   $upscope $end
   $scope module u_slave $end
    $scope module spi_if $end
     $var wire 1 + sck $end
     $var wire 1 ? mosi $end
     $var wire 1 3 miso $end
     $var wire 1 @ ss $end
     $var wire 16 6 data_to_send [15:0] $end
     $var wire 16 , data_received [15:0] $end
     $var wire 1 7 start $end
     $var wire 1 - done $end
    $upscope $end
    $var wire 16 C sr [15:0] $end
    $var wire 7 . bit_count [6:0] $end
    $var wire 1 / rx_done $end
    $var wire 1 0 tx_load $end
    $var wire 16 1 sr_tx [15:0] $end
    $var wire 16 2 sr_rx [15:0] $end
   $upscope $end
  $upscope $end
 $upscope $end
$enddefinitions $end


#0
b000 #
b0000000000000000 $
b0000000000000000 %
b0000000000000000 &
b0000000000000000 '
b0000000 (
b0000000000000000 )
0*
0+
b0000000000000000 ,
0-
b0000000 .
0/
00
b0000000000000000 1
b0000000000000000 2
03
04
15
b0000000000000000 6
07
08
09
b0000000000000000 :
0;
0<
b000 =
0>
0?
0@
b00000000000000000000000001100100 A
b00000000000000000000000000110010 B
b0000000000000000 C
#500001
14
1>
1@
#1000002
04
#1500003
14
#2000004
04
#2500005
14
#3000006
04
#3500007
14
#4000008
04
#4500009
14
#5000010
04
#5500011
14
#6000012
04
#6500013
14
#7000014
04
#7500015
14
#8000016
04
#8500017
14
#9000018
04
#9500019
14
#10000020
04
05
#10500021
14
#11000022
04
#11500023
14
#12000024
04
#12500025
14
#13000026
04
#13500027
14
#14000028
04
#14500029
14
#15000030
04
#15500031
14
#16000032
04
#16500033
14
#17000034
04
#17500035
14
#18000036
04
#18500037
14
#19000038
04
#19500039
14
#20000040
04
#20500041
14
#21000042
04
#21500043
14
#22000044
04
#22500045
14
#23000046
04
#23500047
14
#24000048
04
#24500049
14
#25000050
04
#25500051
14
#26000052
04
#26500053
14
#27000054
04
#27500055
14
#28000056
04
#28500057
14
#29000058
04
#29500059
14
#30000060
04
#30500061
14
#31000062
04
#31500063
14
#32000064
04
#32500065
14
#33000066
04
#33500067
14
#34000068
04
#34500069
14
#35000070
04
#35500071
14
#36000072
04
#36500073
14
#37000074
04
#37500075
14
#38000076
04
#38500077
14
#39000078
04
#39500079
14
#40000080
04
#40500081
14
#41000082
04
#41500083
14
#42000084
04
#42500085
14
#43000086
04
#43500087
14
#44000088
04
#44500089
14
#45000090
04
#45500091
14
#46000092
04
#46500093
14
#47000094
04
#47500095
14
#48000096
04
#48500097
14
#49000098
04
#49500099
14
#50000100
04
#50500101
14
#51000102
04
#51500103
14
#52000104
04
#52500105
14
#53000106
04
#53500107
14
#54000108
04
#54500109
14
#55000110
04
#55500111
14
#56000112
04
#56500113
14
#57000114
04
#57500115
14
#58000116
04
#58500117
14
#59000118
04
#59500119
14
#60000120
04
#60500121
14
#61000122
04
#61500123
14
#62000124
04
#62500125
14
#63000126
04
#63500127
14
#64000128
04
#64500129
14
#65000130
04
#65500131
14
#66000132
04
#66500133
14
#67000134
04
#67500135
14
#68000136
04
#68500137
14
#69000138
04
#69500139
14
#70000140
04
#70500141
14
#71000142
04
#71500143
14
#72000144
04
#72500145
14
#73000146
04
#73500147
14
#74000148
04
#74500149
14
#75000150
04
#75500151
14
#76000152
04
#76500153
14
#77000154
04
#77500155
14
#78000156
04
#78500157
14
#79000158
04
#79500159
14
#80000160
04
#80500161
14
#81000162
04
#81500163
14
#82000164
04
#82500165
14
#83000166
04
#83500167
14
#84000168
04
#84500169
14
#85000170
04
#85500171
14
#86000172
04
#86500173
14
#87000174
04
#87500175
14
#88000176
04
#88500177
14
#89000178
04
#89500179
14
#90000180
04
#90500181
14
#91000182
04
#91500183
14
#92000184
04
#92500185
14
#93000186
04
#93500187
14
#94000188
04
#94500189
14
#95000190
04
#95500191
14
#96000192
04
#96500193
14
#97000194
04
#97500195
14
#98000196
04
#98500197
14
#99000198
04
#99500199
14
#100000200
04
#100500201
14
#101000202
04
#101500203
14
#102000204
04
#102500205
14
#103000206
04
#103500207
14
#104000208
04
#104500209
14
#105000210
04
#105500211
14
#106000212
04
#106500213
14
#107000214
04
#107500215
14
#108000216
04
#108500217
14
#109000218
04
#109500219
14
#110000220
04
b0000000010100101 6
17
#110500221
b001 #
b0000000010100101 $
14
#111000222
04
#111500223
b0000000000000001 )
14
b001 =
0>
0@
#112000224
04
#112500225
b0000000000000010 )
14
#113000226
04
#113500227
b0000000000000011 )
14
#114000228
04
#114500229
b0000000000000100 )
14
#115000230
04
#115500231
b0000000000000101 )
14
#116000232
04
#116500233
b0000000000000110 )
14
#117000234
04
#117500235
b0000000000000111 )
14
#118000236
04
#118500237
b0000000000001000 )
14
#119000238
04
#119500239
b0000000000001001 )
14
#120000240
04
#120500241
b0000000000001010 )
14
#121000242
04
#121500243
b0000000000001011 )
14
#122000244
04
#122500245
b0000000000001100 )
14
#123000246
04
#123500247
b0000000000001101 )
14
#124000248
04
#124500249
b0000000000001110 )
14
#125000250
04
#125500251
b0000000000001111 )
14
#126000252
04
#126500253
b0000000000010000 )
14
#127000254
04
#127500255
b0000000000010001 )
14
#128000256
04
#128500257
b0000000000010010 )
14
#129000258
04
#129500259
b0000000000010011 )
14
#130000260
04
#130500261
b0000000000010100 )
14
#131000262
04
#131500263
b0000000000010101 )
14
#132000264
04
#132500265
b0000000000010110 )
14
#133000266
04
#133500267
b0000000000010111 )
14
#134000268
04
#134500269
b0000000000011000 )
14
#135000270
04
#135500271
b0000000000011001 )
14
#136000272
04
#136500273
b0000000000011010 )
14
#137000274
04
#137500275
b0000000000011011 )
14
#138000276
04
#138500277
b0000000000011100 )
14
#139000278
04
#139500279
b0000000000011101 )
14
#140000280
04
#140500281
b0000000000011110 )
14
#141000282
04
#141500283
b0000000000011111 )
14
#142000284
04
#142500285
b0000000000100000 )
14
#143000286
04
#143500287
b0000000000100001 )
14
#144000288
04
#144500289
b0000000000100010 )
14
#145000290
04
#145500291
b0000000000100011 )
14
#146000292
04
#146500293
b0000000000100100 )
14
#147000294
04
#147500295
b0000000000100101 )
14
#148000296
04
#148500297
b0000000000100110 )
14
#149000298
04
#149500299
b0000000000100111 )
14
#150000300
04
#150500301
b0000000000101000 )
14
#151000302
04
#151500303
b0000000000101001 )
14
#152000304
04
#152500305
b0000000000101010 )
14
#153000306
04
#153500307
b0000000000101011 )
14
#154000308
04
#154500309
b0000000000101100 )
14
#155000310
04
#155500311
b0000000000101101 )
14
#156000312
04
#156500313
b0000000000101110 )
14
#157000314
04
#157500315
b0000000000101111 )
14
#158000316
04
#158500317
b0000000000110000 )
14
#159000318
04
#159500319
b0000000000110001 )
14
#160000320
04
#160500321
b0000000000110010 )
14
#161000322
04
#161500323
b0000001 (
b0000000000110011 )
14
#162000324
04
#162500325
b0000000000110100 )
14
#163000326
04
#163500327
b0000000000110101 )
14
#164000328
04
#164500329
b0000000000110110 )
14
#165000330
04
#165500331
b0000000000110111 )
14
#166000332
04
#166500333
b0000000000111000 )
14
#167000334
04
#167500335
b0000000000111001 )
14
#168000336
04
#168500337
b0000000000111010 )
14
#169000338
04
#169500339
b0000000000111011 )
14
#170000340
04
#170500341
b0000000000111100 )
14
#171000342
04
#171500343
b0000000000111101 )
14
#172000344
04
#172500345
b0000000000111110 )
14
#173000346
04
#173500347
b0000000000111111 )
14
#174000348
04
#174500349
b0000000001000000 )
14
#175000350
04
#175500351
b0000000001000001 )
14
#176000352
04
#176500353
b0000000001000010 )
14
#177000354
04
#177500355
b0000000001000011 )
14
#178000356
04
#178500357
b0000000001000100 )
14
#179000358
04
#179500359
b0000000001000101 )
14
#180000360
04
#180500361
b0000000001000110 )
14
#181000362
04
#181500363
b0000000001000111 )
14
#182000364
04
#182500365
b0000000001001000 )
14
#183000366
04
#183500367
b0000000001001001 )
14
#184000368
04
#184500369
b0000000001001010 )
14
#185000370
04
#185500371
b0000000001001011 )
14
#186000372
04
#186500373
b0000000001001100 )
14
#187000374
04
#187500375
b0000000001001101 )
14
#188000376
04
#188500377
b0000000001001110 )
14
#189000378
04
#189500379
b0000000001001111 )
14
#190000380
04
#190500381
b0000000001010000 )
14
#191000382
04
#191500383
b0000000001010001 )
14
#192000384
04
#192500385
b0000000001010010 )
14
#193000386
04
#193500387
b0000000001010011 )
14
#194000388
04
#194500389
b0000000001010100 )
14
#195000390
04
#195500391
b0000000001010101 )
14
#196000392
04
#196500393
b0000000001010110 )
14
#197000394
04
#197500395
b0000000001010111 )
14
#198000396
04
#198500397
b0000000001011000 )
14
#199000398
04
#199500399
b0000000001011001 )
14
#200000400
04
#200500401
b0000000001011010 )
14
#201000402
04
#201500403
b0000000001011011 )
14
#202000404
04
#202500405
b0000000001011100 )
14
#203000406
04
#203500407
b0000000001011101 )
14
#204000408
04
#204500409
b0000000001011110 )
14
#205000410
04
#205500411
b0000000001011111 )
14
#206000412
04
#206500413
b0000000001100000 )
14
#207000414
04
#207500415
b0000000001100001 )
14
#208000416
04
#208500417
b0000000001100010 )
14
#209000418
04
#209500419
b0000000001100011 )
14
#210000420
04
#210500421
b0000000001100100 )
14
#211000422
04
#211500423
b0000000000000000 )
1+
b0000001 .
14
1;
#212000424
04
#212500425
b0000000000000001 )
14
#213000426
04
#213500427
b0000000000000010 )
14
#214000428
04
#214500429
b0000000000000011 )
14
#215000430
04
#215500431
b0000000000000100 )
14
#216000432
04
#216500433
b0000000000000101 )
14
#217000434
04
#217500435
b0000000000000110 )
14
#218000436
04
#218500437
b0000000000000111 )
14
#219000438
04
#219500439
b0000000000001000 )
14
#220000440
04
#220500441
b0000000000001001 )
14
#221000442
04
#221500443
b0000000000001010 )
14
#222000444
04
#222500445
b0000000000001011 )
14
#223000446
04
#223500447
b0000000000001100 )
14
#224000448
04
#224500449
b0000000000001101 )
14
#225000450
04
#225500451
b0000000000001110 )
14
#226000452
04
#226500453
b0000000000001111 )
14
#227000454
04
#227500455
b0000000000010000 )
14
#228000456
04
#228500457
b0000000000010001 )
14
#229000458
04
#229500459
b0000000000010010 )
14
#230000460
04
#230500461
b0000000000010011 )
14
#231000462
04
#231500463
b0000000000010100 )
14
#232000464
04
#232500465
b0000000000010101 )
14
#233000466
04
#233500467
b0000000000010110 )
14
#234000468
04
#234500469
b0000000000010111 )
14
#235000470
04
#235500471
b0000000000011000 )
14
#236000472
04
#236500473
b0000000000011001 )
14
#237000474
04
#237500475
b0000000000011010 )
14
#238000476
04
#238500477
b0000000000011011 )
14
#239000478
04
#239500479
b0000000000011100 )
14
#240000480
04
#240500481
b0000000000011101 )
14
#241000482
04
#241500483
b0000000000011110 )
14
#242000484
04
#242500485
b0000000000011111 )
14
#243000486
04
#243500487
b0000000000100000 )
14
#244000488
04
#244500489
b0000000000100001 )
14
#245000490
04
#245500491
b0000000000100010 )
14
#246000492
04
#246500493
b0000000000100011 )
14
#247000494
04
#247500495
b0000000000100100 )
14
#248000496
04
#248500497
b0000000000100101 )
14
#249000498
04
#249500499
b0000000000100110 )
14
#250000500
04
#250500501
b0000000000100111 )
14
#251000502
04
#251500503
b0000000000101000 )
14
#252000504
04
#252500505
b0000000000101001 )
14
#253000506
04
#253500507
b0000000000101010 )
14
#254000508
04
#254500509
b0000000000101011 )
14
#255000510
04
#255500511
b0000000000101100 )
14
#256000512
04
#256500513
b0000000000101101 )
14
#257000514
04
#257500515
b0000000000101110 )
14
#258000516
04
#258500517
b0000000000101111 )
14
#259000518
04
#259500519
b0000000000110000 )
14
#260000520
04
#260500521
b0000000000110001 )
14
#261000522
04
#261500523
b0000000000110010 )
14
#262000524
04
#262500525
b0000000000110011 )
14
#263000526
04
#263500527
b0000000000110100 )
14
#264000528
04
#264500529
b0000000000110101 )
14
#265000530
04
#265500531
b0000000000110110 )
14
#266000532
04
#266500533
b0000000000110111 )
14
#267000534
04
#267500535
b0000000000111000 )
14
#268000536
04
#268500537
b0000000000111001 )
14
#269000538
04
#269500539
b0000000000111010 )
14
#270000540
04
#270500541
b0000000000111011 )
14
#271000542
04
#271500543
b0000000000111100 )
14
#272000544
04
#272500545
b0000000000111101 )
14
#273000546
04
#273500547
b0000000000111110 )
14
#274000548
04
#274500549
b0000000000111111 )
14
#275000550
04
#275500551
b0000000001000000 )
14
#276000552
04
#276500553
b0000000001000001 )
14
#277000554
04
#277500555
b0000000001000010 )
14
#278000556
04
#278500557
b0000000001000011 )
14
#279000558
04
#279500559
b0000000001000100 )
14
#280000560
04
#280500561
b0000000001000101 )
14
#281000562
04
#281500563
b0000000001000110 )
14
#282000564
04
#282500565
b0000000001000111 )
14
#283000566
04
#283500567
b0000000001001000 )
14
#284000568
04
#284500569
b0000000001001001 )
14
#285000570
04
#285500571
b0000000001001010 )
14
#286000572
04
#286500573
b0000000001001011 )
14
#287000574
04
#287500575
b0000000001001100 )
14
#288000576
04
#288500577
b0000000001001101 )
14
#289000578
04
#289500579
b0000000001001110 )
14
#290000580
04
#290500581
b0000000001001111 )
14
#291000582
04
#291500583
b0000000001010000 )
14
#292000584
04
#292500585
b0000000001010001 )
14
#293000586
04
#293500587
b0000000001010010 )
14
#294000588
04
#294500589
b0000000001010011 )
14
#295000590
04
#295500591
b0000000001010100 )
14
#296000592
04
#296500593
b0000000001010101 )
14
#297000594
04
#297500595
b0000000001010110 )
14
#298000596
04
#298500597
b0000000001010111 )
14
#299000598
04
#299500599
b0000000001011000 )
14
#300000600
04
#300500601
b0000000001011001 )
14
#301000602
04
#301500603
b0000000001011010 )
14
#302000604
04
#302500605
b0000000001011011 )
14
#303000606
04
#303500607
b0000000001011100 )
14
#304000608
04
#304500609
b0000000001011101 )
14
#305000610
04
#305500611
b0000000001011110 )
14
#306000612
04
#306500613
b0000000001011111 )
14
#307000614
04
#307500615
b0000000001100000 )
14
#308000616
04
#308500617
b0000000001100001 )
14
#309000618
04
#309500619
b0000000001100010 )
14
#310000620
04
#310500621
b0000000001100011 )
14
#311000622
04
#311500623
b0000000001100100 )
14
#312000624
04
#312500625
b0000000000000000 )
0+
14
0;
#313000626
04
#313500627
b0000000000000001 )
14
#314000628
04
#314500629
b0000000000000010 )
14
#315000630
04
#315500631
b0000000000000011 )
14
#316000632
04
#316500633
b0000000000000100 )
14
#317000634
04
#317500635
b0000000000000101 )
14
#318000636
04
#318500637
b0000000000000110 )
14
#319000638
04
#319500639
b0000000000000111 )
14
#320000640
04
#320500641
b0000000000001000 )
14
#321000642
04
#321500643
b0000000000001001 )
14
#322000644
04
#322500645
b0000000000001010 )
14
#323000646
04
#323500647
b0000000000001011 )
14
#324000648
04
#324500649
b0000000000001100 )
14
#325000650
04
#325500651
b0000000000001101 )
14
#326000652
04
#326500653
b0000000000001110 )
14
#327000654
04
#327500655
b0000000000001111 )
14
#328000656
04
#328500657
b0000000000010000 )
14
#329000658
04
#329500659
b0000000000010001 )
14
#330000660
04
#330500661
b0000000000010010 )
14
#331000662
04
#331500663
b0000000000010011 )
14
#332000664
04
#332500665
b0000000000010100 )
14
#333000666
04
#333500667
b0000000000010101 )
14
#334000668
04
#334500669
b0000000000010110 )
14
#335000670
04
#335500671
b0000000000010111 )
14
#336000672
04
#336500673
b0000000000011000 )
14
#337000674
04
#337500675
b0000000000011001 )
14
#338000676
04
#338500677
b0000000000011010 )
14
#339000678
04
#339500679
b0000000000011011 )
14
#340000680
04
#340500681
b0000000000011100 )
14
#341000682
04
#341500683
b0000000000011101 )
14
#342000684
04
#342500685
b0000000000011110 )
14
#343000686
04
#343500687
b0000000000011111 )
14
#344000688
04
#344500689
b0000000000100000 )
14
#345000690
04
#345500691
b0000000000100001 )
14
#346000692
04
#346500693
b0000000000100010 )
14
#347000694
04
#347500695
b0000000000100011 )
14
#348000696
04
#348500697
b0000000000100100 )
14
#349000698
04
#349500699
b0000000000100101 )
14
#350000700
04
#350500701
b0000000000100110 )
14
#351000702
04
#351500703
b0000000000100111 )
14
#352000704
04
#352500705
b0000000000101000 )
14
#353000706
04
#353500707
b0000000000101001 )
14
#354000708
04
#354500709
b0000000000101010 )
14
#355000710
04
#355500711
b0000000000101011 )
14
#356000712
04
#356500713
b0000000000101100 )
14
#357000714
04
#357500715
b0000000000101101 )
14
#358000716
04
#358500717
b0000000000101110 )
14
#359000718
04
#359500719
b0000000000101111 )
14
#360000720
04
#360500721
b0000000000110000 )
14
#361000722
04
#361500723
b0000000000110001 )
14
#362000724
04
#362500725
b0000000000110010 )
14
#363000726
04
#363500727
b0000010 (
b0000000000110011 )
14
#364000728
04
#364500729
b0000000000110100 )
14
#365000730
04
#365500731
b0000000000110101 )
14
#366000732
04
#366500733
b0000000000110110 )
14
#367000734
04
#367500735
b0000000000110111 )
14
#368000736
04
#368500737
b0000000000111000 )
14
#369000738
04
#369500739
b0000000000111001 )
14
#370000740
04
#370500741
b0000000000111010 )
14
#371000742
04
#371500743
b0000000000111011 )
14
#372000744
04
#372500745
b0000000000111100 )
14
#373000746
04
#373500747
b0000000000111101 )
14
#374000748
04
#374500749
b0000000000111110 )
14
#375000750
04
#375500751
b0000000000111111 )
14
#376000752
04
#376500753
b0000000001000000 )
14
#377000754
04
#377500755
b0000000001000001 )
14
#378000756
04
#378500757
b0000000001000010 )
14
#379000758
04
#379500759
b0000000001000011 )
14
#380000760
04
#380500761
b0000000001000100 )
14
#381000762
04
#381500763
b0000000001000101 )
14
#382000764
04
#382500765
b0000000001000110 )
14
#383000766
04
#383500767
b0000000001000111 )
14
#384000768
04
#384500769
b0000000001001000 )
14
#385000770
04
#385500771
b0000000001001001 )
14
#386000772
04
#386500773
b0000000001001010 )
14
#387000774
04
#387500775
b0000000001001011 )
14
#388000776
04
#388500777
b0000000001001100 )
14
#389000778
04
#389500779
b0000000001001101 )
14
#390000780
04
#390500781
b0000000001001110 )
14
#391000782
04
#391500783
b0000000001001111 )
14
#392000784
04
#392500785
b0000000001010000 )
14
#393000786
04
#393500787
b0000000001010001 )
14
#394000788
04
#394500789
b0000000001010010 )
14
#395000790
04
#395500791
b0000000001010011 )
14
#396000792
04
#396500793
b0000000001010100 )
14
#397000794
04
#397500795
b0000000001010101 )
14
#398000796
04
#398500797
b0000000001010110 )
14
#399000798
04
#399500799
b0000000001010111 )
14
#400000800
04
#400500801
b0000000001011000 )
14
#401000802
04
#401500803
b0000000001011001 )
14
#402000804
04
#402500805
b0000000001011010 )
14
#403000806
04
#403500807
b0000000001011011 )
14
#404000808
04
#404500809
b0000000001011100 )
14
#405000810
04
#405500811
b0000000001011101 )
14
#406000812
04
#406500813
b0000000001011110 )
14
#407000814
04
#407500815
b0000000001011111 )
14
#408000816
04
#408500817
b0000000001100000 )
14
#409000818
04
#409500819
b0000000001100001 )
14
#410000820
04
#410500821
b0000000001100010 )
14
#411000822
04
#411500823
b0000000001100011 )
14
#412000824
04
#412500825
b0000000001100100 )
14
#413000826
04
#413500827
b0000000000000000 )
1+
b0000010 .
14
1;
#414000828
04
#414500829
b0000000000000001 )
14
#415000830
04
#415500831
b0000000000000010 )
14
#416000832
04
#416500833
b0000000000000011 )
14
#417000834
04
#417500835
b0000000000000100 )
14
#418000836
04
#418500837
b0000000000000101 )
14
#419000838
04
#419500839
b0000000000000110 )
14
#420000840
04
#420500841
b0000000000000111 )
14
#421000842
04
#421500843
b0000000000001000 )
14
#422000844
04
#422500845
b0000000000001001 )
14
#423000846
04
#423500847
b0000000000001010 )
14
#424000848
04
#424500849
b0000000000001011 )
14
#425000850
04
#425500851
b0000000000001100 )
14
#426000852
04
#426500853
b0000000000001101 )
14
#427000854
04
#427500855
b0000000000001110 )
14
#428000856
04
#428500857
b0000000000001111 )
14
#429000858
04
#429500859
b0000000000010000 )
14
#430000860
04
#430500861
b0000000000010001 )
14
#431000862
04
#431500863
b0000000000010010 )
14
#432000864
04
#432500865
b0000000000010011 )
14
#433000866
04
#433500867
b0000000000010100 )
14
#434000868
04
#434500869
b0000000000010101 )
14
#435000870
04
#435500871
b0000000000010110 )
14
#436000872
04
#436500873
b0000000000010111 )
14
#437000874
04
#437500875
b0000000000011000 )
14
#438000876
04
#438500877
b0000000000011001 )
14
#439000878
04
#439500879
b0000000000011010 )
14
#440000880
04
#440500881
b0000000000011011 )
14
#441000882
04
#441500883
b0000000000011100 )
14
#442000884
04
#442500885
b0000000000011101 )
14
#443000886
04
#443500887
b0000000000011110 )
14
#444000888
04
#444500889
b0000000000011111 )
14
#445000890
04
#445500891
b0000000000100000 )
14
#446000892
04
#446500893
b0000000000100001 )
14
#447000894
04
#447500895
b0000000000100010 )
14
#448000896
04
#448500897
b0000000000100011 )
14
#449000898
04
#449500899
b0000000000100100 )
14
#450000900
04
#450500901
b0000000000100101 )
14
#451000902
04
#451500903
b0000000000100110 )
14
#452000904
04
#452500905
b0000000000100111 )
14
#453000906
04
#453500907
b0000000000101000 )
14
#454000908
04
#454500909
b0000000000101001 )
14
#455000910
04
#455500911
b0000000000101010 )
14
#456000912
04
#456500913
b0000000000101011 )
14
#457000914
04
#457500915
b0000000000101100 )
14
#458000916
04
#458500917
b0000000000101101 )
14
#459000918
04
#459500919
b0000000000101110 )
14
#460000920
04
#460500921
b0000000000101111 )
14
#461000922
04
#461500923
b0000000000110000 )
14
#462000924
04
#462500925
b0000000000110001 )
14
#463000926
04
#463500927
b0000000000110010 )
14
#464000928
04
#464500929
b0000000000110011 )
14
#465000930
04
#465500931
b0000000000110100 )
14
#466000932
04
#466500933
b0000000000110101 )
14
#467000934
04
#467500935
b0000000000110110 )
14
#468000936
04
#468500937
b0000000000110111 )
14
#469000938
04
#469500939
b0000000000111000 )
14
#470000940
04
#470500941
b0000000000111001 )
14
#471000942
04
#471500943
b0000000000111010 )
14
#472000944
04
#472500945
b0000000000111011 )
14
#473000946
04
#473500947
b0000000000111100 )
14
#474000948
04
#474500949
b0000000000111101 )
14
#475000950
04
#475500951
b0000000000111110 )
14
#476000952
04
#476500953
b0000000000111111 )
14
#477000954
04
#477500955
b0000000001000000 )
14
#478000956
04
#478500957
b0000000001000001 )
14
#479000958
04
#479500959
b0000000001000010 )
14
#480000960
04
#480500961
b0000000001000011 )
14
#481000962
04
#481500963
b0000000001000100 )
14
#482000964
04
#482500965
b0000000001000101 )
14
#483000966
04
#483500967
b0000000001000110 )
14
#484000968
04
#484500969
b0000000001000111 )
14
#485000970
04
#485500971
b0000000001001000 )
14
#486000972
04
#486500973
b0000000001001001 )
14
#487000974
04
#487500975
b0000000001001010 )
14
#488000976
04
#488500977
b0000000001001011 )
14
#489000978
04
#489500979
b0000000001001100 )
14
#490000980
04
#490500981
b0000000001001101 )
14
#491000982
04
#491500983
b0000000001001110 )
14
#492000984
04
#492500985
b0000000001001111 )
14
#493000986
04
#493500987
b0000000001010000 )
14
#494000988
04
#494500989
b0000000001010001 )
14
#495000990
04
#495500991
b0000000001010010 )
14
#496000992
04
#496500993
b0000000001010011 )
14
#497000994
04
#497500995
b0000000001010100 )
14
#498000996
04
#498500997
b0000000001010101 )
14
#499000998
04
#499500999
b0000000001010110 )
14
#500001000
04
#500501001
b0000000001010111 )
14
#501001002
04
#501501003
b0000000001011000 )
14
#502001004
04
#502501005
b0000000001011001 )
14
#503001006
04
#503501007
b0000000001011010 )
14
#504001008
04
#504501009
b0000000001011011 )
14
#505001010
04
#505501011
b0000000001011100 )
14
#506001012
04
#506501013
b0000000001011101 )
14
#507001014
04
#507501015
b0000000001011110 )
14
#508001016
04
#508501017
b0000000001011111 )
14
#509001018
04
#509501019
b0000000001100000 )
14
#510001020
04
07
#510501021
b0000000001100001 )
14
#511001022
04
#511501023
b0000000001100010 )
14
#512001024
04
#512501025
b0000000001100011 )
14
#513001026
04
#513501027
b0000000001100100 )
14
#514001028
04
#514501029
b0000000000000000 )
0+
14
0;
#515001030
04
#515501031
b0000000000000001 )
14
#516001032
04
#516501033
b0000000000000010 )
14
#517001034
04
#517501035
b0000000000000011 )
14
#518001036
04
#518501037
b0000000000000100 )
14
#519001038
04
#519501039
b0000000000000101 )
14
#520001040
04
#520501041
b0000000000000110 )
14
#521001042
04
#521501043
b0000000000000111 )
14
#522001044
04
#522501045
b0000000000001000 )
14
#523001046
04
#523501047
b0000000000001001 )
14
#524001048
04
#524501049
b0000000000001010 )
14
#525001050
04
#525501051
b0000000000001011 )
14
#526001052
04
#526501053
b0000000000001100 )
14
#527001054
04
#527501055
b0000000000001101 )
14
#528001056
04
#528501057
b0000000000001110 )
14
#529001058
04
#529501059
b0000000000001111 )
14
#530001060
04
#530501061
b0000000000010000 )
14
#531001062
04
#531501063
b0000000000010001 )
14
#532001064
04
#532501065
b0000000000010010 )
14
#533001066
04
#533501067
b0000000000010011 )
14
#534001068
04
#534501069
b0000000000010100 )
14
#535001070
04
#535501071
b0000000000010101 )
14
#536001072
04
#536501073
b0000000000010110 )
14
#537001074
04
#537501075
b0000000000010111 )
14
#538001076
04
#538501077
b0000000000011000 )
14
#539001078
04
#539501079
b0000000000011001 )
14
#540001080
04
#540501081
b0000000000011010 )
14
#541001082
04
#541501083
b0000000000011011 )
14
#542001084
04
#542501085
b0000000000011100 )
14
#543001086
04
#543501087
b0000000000011101 )
14
#544001088
04
#544501089
b0000000000011110 )
14
#545001090
04
#545501091
b0000000000011111 )
14
#546001092
04
#546501093
b0000000000100000 )
14
#547001094
04
#547501095
b0000000000100001 )
14
#548001096
04
#548501097
b0000000000100010 )
14
#549001098
04
#549501099
b0000000000100011 )
14
#550001100
04
#550501101
b0000000000100100 )
14
#551001102
04
#551501103
b0000000000100101 )
14
#552001104
04
#552501105
b0000000000100110 )
14
#553001106
04
#553501107
b0000000000100111 )
14
#554001108
04
#554501109
b0000000000101000 )
14
#555001110
04
#555501111
b0000000000101001 )
14
#556001112
04
#556501113
b0000000000101010 )
14
#557001114
04
#557501115
b0000000000101011 )
14
#558001116
04
#558501117
b0000000000101100 )
14
#559001118
04
#559501119
b0000000000101101 )
14
#560001120
04
#560501121
b0000000000101110 )
14
#561001122
04
#561501123
b0000000000101111 )
14
#562001124
04
#562501125
b0000000000110000 )
14
#563001126
04
#563501127
b0000000000110001 )
14
#564001128
04
#564501129
b0000000000110010 )
14
#565001130
04
#565501131
b0000011 (
b0000000000110011 )
14
#566001132
04
#566501133
b0000000000110100 )
14
#567001134
04
#567501135
b0000000000110101 )
14
#568001136
04
#568501137
b0000000000110110 )
14
#569001138
04
#569501139
b0000000000110111 )
14
#570001140
04
#570501141
b0000000000111000 )
14
#571001142
04
#571501143
b0000000000111001 )
14
#572001144
04
#572501145
b0000000000111010 )
14
#573001146
04
#573501147
b0000000000111011 )
14
#574001148
04
#574501149
b0000000000111100 )
14
#575001150
04
#575501151
b0000000000111101 )
14
#576001152
04
#576501153
b0000000000111110 )
14
#577001154
04
#577501155
b0000000000111111 )
14
#578001156
04
#578501157
b0000000001000000 )
14
#579001158
04
#579501159
b0000000001000001 )
14
#580001160
04
#580501161
b0000000001000010 )
14
#581001162
04
#581501163
b0000000001000011 )
14
#582001164
04
#582501165
b0000000001000100 )
14
#583001166
04
#583501167
b0000000001000101 )
14
#584001168
04
#584501169
b0000000001000110 )
14
#585001170
04
#585501171
b0000000001000111 )
14
#586001172
04
#586501173
b0000000001001000 )
14
#587001174
04
#587501175
b0000000001001001 )
14
#588001176
04
#588501177
b0000000001001010 )
14
#589001178
04
#589501179
b0000000001001011 )
14
#590001180
04
#590501181
b0000000001001100 )
14
#591001182
04
#591501183
b0000000001001101 )
14
#592001184
04
#592501185
b0000000001001110 )
14
#593001186
04
#593501187
b0000000001001111 )
14
#594001188
04
#594501189
b0000000001010000 )
14
#595001190
04
#595501191
b0000000001010001 )
14
#596001192
04
#596501193
b0000000001010010 )
14
#597001194
04
#597501195
b0000000001010011 )
14
#598001196
04
#598501197
b0000000001010100 )
14
#599001198
04
#599501199
b0000000001010101 )
14
#600001200
04
#600501201
b0000000001010110 )
14
#601001202
04
#601501203
b0000000001010111 )
14
#602001204
04
#602501205
b0000000001011000 )
14
#603001206
04
#603501207
b0000000001011001 )
14
#604001208
04
#604501209
b0000000001011010 )
14
#605001210
04
#605501211
b0000000001011011 )
14
#606001212
04
#606501213
b0000000001011100 )
14
#607001214
04
#607501215
b0000000001011101 )
14
#608001216
04
#608501217
b0000000001011110 )
14
#609001218
04
#609501219
b0000000001011111 )
14
#610001220
04
#610501221
b0000000001100000 )
14
#611001222
04
#611501223
b0000000001100001 )
14
#612001224
04
#612501225
b0000000001100010 )
14
#613001226
04
#613501227
b0000000001100011 )
14
#614001228
04
#614501229
b0000000001100100 )
14
#615001230
04
#615501231
b0000000000000000 )
1+
b0000011 .
14
1;
#616001232
04
#616501233
b0000000000000001 )
14
#617001234
04
#617501235
b0000000000000010 )
14
#618001236
04
#618501237
b0000000000000011 )
14
#619001238
04
#619501239
b0000000000000100 )
14
#620001240
04
#620501241
b0000000000000101 )
14
#621001242
04
#621501243
b0000000000000110 )
14
#622001244
04
#622501245
b0000000000000111 )
14
#623001246
04
#623501247
b0000000000001000 )
14
#624001248
04
#624501249
b0000000000001001 )
14
#625001250
04
#625501251
b0000000000001010 )
14
#626001252
04
#626501253
b0000000000001011 )
14
#627001254
04
#627501255
b0000000000001100 )
14
#628001256
04
#628501257
b0000000000001101 )
14
#629001258
04
#629501259
b0000000000001110 )
14
#630001260
04
#630501261
b0000000000001111 )
14
#631001262
04
#631501263
b0000000000010000 )
14
#632001264
04
#632501265
b0000000000010001 )
14
#633001266
04
#633501267
b0000000000010010 )
14
#634001268
04
#634501269
b0000000000010011 )
14
#635001270
04
#635501271
b0000000000010100 )
14
#636001272
04
#636501273
b0000000000010101 )
14
#637001274
04
#637501275
b0000000000010110 )
14
#638001276
04
#638501277
b0000000000010111 )
14
#639001278
04
#639501279
b0000000000011000 )
14
#640001280
04
#640501281
b0000000000011001 )
14
#641001282
04
#641501283
b0000000000011010 )
14
#642001284
04
#642501285
b0000000000011011 )
14
#643001286
04
#643501287
b0000000000011100 )
14
#644001288
04
#644501289
b0000000000011101 )
14
#645001290
04
#645501291
b0000000000011110 )
14
#646001292
04
#646501293
b0000000000011111 )
14
#647001294
04
#647501295
b0000000000100000 )
14
#648001296
04
#648501297
b0000000000100001 )
14
#649001298
04
#649501299
b0000000000100010 )
14
#650001300
04
#650501301
b0000000000100011 )
14
#651001302
04
#651501303
b0000000000100100 )
14
#652001304
04
#652501305
b0000000000100101 )
14
#653001306
04
#653501307
b0000000000100110 )
14
#654001308
04
#654501309
b0000000000100111 )
14
#655001310
04
#655501311
b0000000000101000 )
14
#656001312
04
#656501313
b0000000000101001 )
14
#657001314
04
#657501315
b0000000000101010 )
14
#658001316
04
#658501317
b0000000000101011 )
14
#659001318
04
#659501319
b0000000000101100 )
14
#660001320
04
#660501321
b0000000000101101 )
14
#661001322
04
#661501323
b0000000000101110 )
14
#662001324
04
#662501325
b0000000000101111 )
14
#663001326
04
#663501327
b0000000000110000 )
14
#664001328
04
#664501329
b0000000000110001 )
14
#665001330
04
#665501331
b0000000000110010 )
14
#666001332
04
#666501333
b0000000000110011 )
14
#667001334
04
#667501335
b0000000000110100 )
14
#668001336
04
#668501337
b0000000000110101 )
14
#669001338
04
#669501339
b0000000000110110 )
14
#670001340
04
#670501341
b0000000000110111 )
14
#671001342
04
#671501343
b0000000000111000 )
14
#672001344
04
#672501345
b0000000000111001 )
14
#673001346
04
#673501347
b0000000000111010 )
14
#674001348
04
#674501349
b0000000000111011 )
14
#675001350
04
#675501351
b0000000000111100 )
14
#676001352
04
#676501353
b0000000000111101 )
14
#677001354
04
#677501355
b0000000000111110 )
14
#678001356
04
#678501357
b0000000000111111 )
14
#679001358
04
#679501359
b0000000001000000 )
14
#680001360
04
#680501361
b0000000001000001 )
14
#681001362
04
#681501363
b0000000001000010 )
14
#682001364
04
#682501365
b0000000001000011 )
14
#683001366
04
#683501367
b0000000001000100 )
14
#684001368
04
#684501369
b0000000001000101 )
14
#685001370
04
#685501371
b0000000001000110 )
14
#686001372
04
#686501373
b0000000001000111 )
14
#687001374
04
#687501375
b0000000001001000 )
14
#688001376
04
#688501377
b0000000001001001 )
14
#689001378
04
#689501379
b0000000001001010 )
14
#690001380
04
#690501381
b0000000001001011 )
14
#691001382
04
#691501383
b0000000001001100 )
14
#692001384
04
#692501385
b0000000001001101 )
14
#693001386
04
#693501387
b0000000001001110 )
14
#694001388
04
#694501389
b0000000001001111 )
14
#695001390
04
#695501391
b0000000001010000 )
14
#696001392
04
#696501393
b0000000001010001 )
14
#697001394
04
#697501395
b0000000001010010 )
14
#698001396
04
#698501397
b0000000001010011 )
14
#699001398
04
#699501399
b0000000001010100 )
14
#700001400
04
#700501401
b0000000001010101 )
14
#701001402
04
#701501403
b0000000001010110 )
14
#702001404
04
#702501405
b0000000001010111 )
14
#703001406
04
#703501407
b0000000001011000 )
14
#704001408
04
#704501409
b0000000001011001 )
14
#705001410
04
#705501411
b0000000001011010 )
14
#706001412
04
#706501413
b0000000001011011 )
14
#707001414
04
#707501415
b0000000001011100 )
14
#708001416
04
#708501417
b0000000001011101 )
14
#709001418
04
#709501419
b0000000001011110 )
14
#710001420
04
#710501421
b0000000001011111 )
14
#711001422
04
#711501423
b0000000001100000 )
14
#712001424
04
#712501425
b0000000001100001 )
14
#713001426
04
#713501427
b0000000001100010 )
14
#714001428
04
#714501429
b0000000001100011 )
14
#715001430
04
#715501431
b0000000001100100 )
14
#716001432
04
#716501433
b0000000000000000 )
0+
14
0;
#717001434
04
#717501435
b0000000000000001 )
14
#718001436
04
#718501437
b0000000000000010 )
14
#719001438
04
#719501439
b0000000000000011 )
14
#720001440
04
#720501441
b0000000000000100 )
14
#721001442
04
#721501443
b0000000000000101 )
14
#722001444
04
#722501445
b0000000000000110 )
14
#723001446
04
#723501447
b0000000000000111 )
14
#724001448
04
#724501449
b0000000000001000 )
14
#725001450
04
#725501451
b0000000000001001 )
14
#726001452
04
#726501453
b0000000000001010 )
14
#727001454
04
#727501455
b0000000000001011 )
14
#728001456
04
#728501457
b0000000000001100 )
14
#729001458
04
#729501459
b0000000000001101 )
14
#730001460
04
#730501461
b0000000000001110 )
14
#731001462
04
#731501463
b0000000000001111 )
14
#732001464
04
#732501465
b0000000000010000 )
14
#733001466
04
#733501467
b0000000000010001 )
14
#734001468
04
#734501469
b0000000000010010 )
14
#735001470
04
#735501471
b0000000000010011 )
14
#736001472
04
#736501473
b0000000000010100 )
14
#737001474
04
#737501475
b0000000000010101 )
14
#738001476
04
#738501477
b0000000000010110 )
14
#739001478
04
#739501479
b0000000000010111 )
14
#740001480
04
#740501481
b0000000000011000 )
14
#741001482
04
#741501483
b0000000000011001 )
14
#742001484
04
#742501485
b0000000000011010 )
14
#743001486
04
#743501487
b0000000000011011 )
14
#744001488
04
#744501489
b0000000000011100 )
14
#745001490
04
#745501491
b0000000000011101 )
14
#746001492
04
#746501493
b0000000000011110 )
14
#747001494
04
#747501495
b0000000000011111 )
14
#748001496
04
#748501497
b0000000000100000 )
14
#749001498
04
#749501499
b0000000000100001 )
14
#750001500
04
#750501501
b0000000000100010 )
14
#751001502
04
#751501503
b0000000000100011 )
14
#752001504
04
#752501505
b0000000000100100 )
14
#753001506
04
#753501507
b0000000000100101 )
14
#754001508
04
#754501509
b0000000000100110 )
14
#755001510
04
#755501511
b0000000000100111 )
14
#756001512
04
#756501513
b0000000000101000 )
14
#757001514
04
#757501515
b0000000000101001 )
14
#758001516
04
#758501517
b0000000000101010 )
14
#759001518
04
#759501519
b0000000000101011 )
14
#760001520
04
#760501521
b0000000000101100 )
14
#761001522
04
#761501523
b0000000000101101 )
14
#762001524
04
#762501525
b0000000000101110 )
14
#763001526
04
#763501527
b0000000000101111 )
14
#764001528
04
#764501529
b0000000000110000 )
14
#765001530
04
#765501531
b0000000000110001 )
14
#766001532
04
#766501533
b0000000000110010 )
14
#767001534
04
#767501535
b0000100 (
b0000000000110011 )
14
#768001536
04
#768501537
b0000000000110100 )
14
#769001538
04
#769501539
b0000000000110101 )
14
#770001540
04
#770501541
b0000000000110110 )
14
#771001542
04
#771501543
b0000000000110111 )
14
#772001544
04
#772501545
b0000000000111000 )
14
#773001546
04
#773501547
b0000000000111001 )
14
#774001548
04
#774501549
b0000000000111010 )
14
#775001550
04
#775501551
b0000000000111011 )
14
#776001552
04
#776501553
b0000000000111100 )
14
#777001554
04
#777501555
b0000000000111101 )
14
#778001556
04
#778501557
b0000000000111110 )
14
#779001558
04
#779501559
b0000000000111111 )
14
#780001560
04
#780501561
b0000000001000000 )
14
#781001562
04
#781501563
b0000000001000001 )
14
#782001564
04
#782501565
b0000000001000010 )
14
#783001566
04
#783501567
b0000000001000011 )
14
#784001568
04
#784501569
b0000000001000100 )
14
#785001570
04
#785501571
b0000000001000101 )
14
#786001572
04
#786501573
b0000000001000110 )
14
#787001574
04
#787501575
b0000000001000111 )
14
#788001576
04
#788501577
b0000000001001000 )
14
#789001578
04
#789501579
b0000000001001001 )
14
#790001580
04
#790501581
b0000000001001010 )
14
#791001582
04
#791501583
b0000000001001011 )
14
#792001584
04
#792501585
b0000000001001100 )
14
#793001586
04
#793501587
b0000000001001101 )
14
#794001588
04
#794501589
b0000000001001110 )
14
#795001590
04
#795501591
b0000000001001111 )
14
#796001592
04
#796501593
b0000000001010000 )
14
#797001594
04
#797501595
b0000000001010001 )
14
#798001596
04
#798501597
b0000000001010010 )
14
#799001598
04
#799501599
b0000000001010011 )
14
#800001600
04
#800501601
b0000000001010100 )
14
#801001602
04
#801501603
b0000000001010101 )
14
#802001604
04
#802501605
b0000000001010110 )
14
#803001606
04
#803501607
b0000000001010111 )
14
#804001608
04
#804501609
b0000000001011000 )
14
#805001610
04
#805501611
b0000000001011001 )
14
#806001612
04
#806501613
b0000000001011010 )
14
#807001614
04
#807501615
b0000000001011011 )
14
#808001616
04
#808501617
b0000000001011100 )
14
#809001618
04
#809501619
b0000000001011101 )
14
#810001620
04
#810501621
b0000000001011110 )
14
#811001622
04
#811501623
b0000000001011111 )
14
#812001624
04
#812501625
b0000000001100000 )
14
#813001626
04
#813501627
b0000000001100001 )
14
#814001628
04
#814501629
b0000000001100010 )
14
#815001630
04
#815501631
b0000000001100011 )
14
#816001632
04
#816501633
b0000000001100100 )
14
#817001634
04
#817501635
b0000000000000000 )
1+
b0000100 .
14
1;
#818001636
04
#818501637
b0000000000000001 )
14
#819001638
04
#819501639
b0000000000000010 )
14
#820001640
04
#820501641
b0000000000000011 )
14
#821001642
04
#821501643
b0000000000000100 )
14
#822001644
04
#822501645
b0000000000000101 )
14
#823001646
04
#823501647
b0000000000000110 )
14
#824001648
04
#824501649
b0000000000000111 )
14
#825001650
04
#825501651
b0000000000001000 )
14
#826001652
04
#826501653
b0000000000001001 )
14
#827001654
04
#827501655
b0000000000001010 )
14
#828001656
04
#828501657
b0000000000001011 )
14
#829001658
04
#829501659
b0000000000001100 )
14
#830001660
04
#830501661
b0000000000001101 )
14
#831001662
04
#831501663
b0000000000001110 )
14
#832001664
04
#832501665
b0000000000001111 )
14
#833001666
04
#833501667
b0000000000010000 )
14
#834001668
04
#834501669
b0000000000010001 )
14
#835001670
04
#835501671
b0000000000010010 )
14
#836001672
04
#836501673
b0000000000010011 )
14
#837001674
04
#837501675
b0000000000010100 )
14
#838001676
04
#838501677
b0000000000010101 )
14
#839001678
04
#839501679
b0000000000010110 )
14
#840001680
04
#840501681
b0000000000010111 )
14
#841001682
04
#841501683
b0000000000011000 )
14
#842001684
04
#842501685
b0000000000011001 )
14
#843001686
04
#843501687
b0000000000011010 )
14
#844001688
04
#844501689
b0000000000011011 )
14
#845001690
04
#845501691
b0000000000011100 )
14
#846001692
04
#846501693
b0000000000011101 )
14
#847001694
04
#847501695
b0000000000011110 )
14
#848001696
04
#848501697
b0000000000011111 )
14
#849001698
04
#849501699
b0000000000100000 )
14
#850001700
04
#850501701
b0000000000100001 )
14
#851001702
04
#851501703
b0000000000100010 )
14
#852001704
04
#852501705
b0000000000100011 )
14
#853001706
04
#853501707
b0000000000100100 )
14
#854001708
04
#854501709
b0000000000100101 )
14
#855001710
04
#855501711
b0000000000100110 )
14
#856001712
04
#856501713
b0000000000100111 )
14
#857001714
04
#857501715
b0000000000101000 )
14
#858001716
04
#858501717
b0000000000101001 )
14
#859001718
04
#859501719
b0000000000101010 )
14
#860001720
04
#860501721
b0000000000101011 )
14
#861001722
04
#861501723
b0000000000101100 )
14
#862001724
04
#862501725
b0000000000101101 )
14
#863001726
04
#863501727
b0000000000101110 )
14
#864001728
04
#864501729
b0000000000101111 )
14
#865001730
04
#865501731
b0000000000110000 )
14
#866001732
04
#866501733
b0000000000110001 )
14
#867001734
04
#867501735
b0000000000110010 )
14
#868001736
04
#868501737
b0000000000110011 )
14
#869001738
04
#869501739
b0000000000110100 )
14
#870001740
04
#870501741
b0000000000110101 )
14
#871001742
04
#871501743
b0000000000110110 )
14
#872001744
04
#872501745
b0000000000110111 )
14
#873001746
04
#873501747
b0000000000111000 )
14
#874001748
04
#874501749
b0000000000111001 )
14
#875001750
04
#875501751
b0000000000111010 )
14
#876001752
04
#876501753
b0000000000111011 )
14
#877001754
04
#877501755
b0000000000111100 )
14
#878001756
04
#878501757
b0000000000111101 )
14
#879001758
04
#879501759
b0000000000111110 )
14
#880001760
04
#880501761
b0000000000111111 )
14
#881001762
04
#881501763
b0000000001000000 )
14
#882001764
04
#882501765
b0000000001000001 )
14
#883001766
04
#883501767
b0000000001000010 )
14
#884001768
04
#884501769
b0000000001000011 )
14
#885001770
04
#885501771
b0000000001000100 )
14
#886001772
04
#886501773
b0000000001000101 )
14
#887001774
04
#887501775
b0000000001000110 )
14
#888001776
04
#888501777
b0000000001000111 )
14
#889001778
04
#889501779
b0000000001001000 )
14
#890001780
04
#890501781
b0000000001001001 )
14
#891001782
04
#891501783
b0000000001001010 )
14
#892001784
04
#892501785
b0000000001001011 )
14
#893001786
04
#893501787
b0000000001001100 )
14
#894001788
04
#894501789
b0000000001001101 )
14
#895001790
04
#895501791
b0000000001001110 )
14
#896001792
04
#896501793
b0000000001001111 )
14
#897001794
04
#897501795
b0000000001010000 )
14
#898001796
04
#898501797
b0000000001010001 )
14
#899001798
04
#899501799
b0000000001010010 )
14
#900001800
04
#900501801
b0000000001010011 )
14
#901001802
04
#901501803
b0000000001010100 )
14
#902001804
04
#902501805
b0000000001010101 )
14
#903001806
04
#903501807
b0000000001010110 )
14
#904001808
04
#904501809
b0000000001010111 )
14
#905001810
04
#905501811
b0000000001011000 )
14
#906001812
04
#906501813
b0000000001011001 )
14
#907001814
04
#907501815
b0000000001011010 )
14
#908001816
04
#908501817
b0000000001011011 )
14
#909001818
04
#909501819
b0000000001011100 )
14
#910001820
04
#910501821
b0000000001011101 )
14
#911001822
04
#911501823
b0000000001011110 )
14
#912001824
04
#912501825
b0000000001011111 )
14
#913001826
04
#913501827
b0000000001100000 )
14
#914001828
04
#914501829
b0000000001100001 )
14
#915001830
04
#915501831
b0000000001100010 )
14
#916001832
04
#916501833
b0000000001100011 )
14
#917001834
04
#917501835
b0000000001100100 )
14
#918001836
04
#918501837
b0000000000000000 )
0+
14
0;
#919001838
04
#919501839
b0000000000000001 )
14
#920001840
04
#920501841
b0000000000000010 )
14
#921001842
04
#921501843
b0000000000000011 )
14
#922001844
04
#922501845
b0000000000000100 )
14
#923001846
04
#923501847
b0000000000000101 )
14
#924001848
04
#924501849
b0000000000000110 )
14
#925001850
04
#925501851
b0000000000000111 )
14
#926001852
04
#926501853
b0000000000001000 )
14
#927001854
04
#927501855
b0000000000001001 )
14
#928001856
04
#928501857
b0000000000001010 )
14
#929001858
04
#929501859
b0000000000001011 )
14
#930001860
04
#930501861
b0000000000001100 )
14
#931001862
04
#931501863
b0000000000001101 )
14
#932001864
04
#932501865
b0000000000001110 )
14
#933001866
04
#933501867
b0000000000001111 )
14
#934001868
04
#934501869
b0000000000010000 )
14
#935001870
04
#935501871
b0000000000010001 )
14
#936001872
04
#936501873
b0000000000010010 )
14
#937001874
04
#937501875
b0000000000010011 )
14
#938001876
04
#938501877
b0000000000010100 )
14
#939001878
04
#939501879
b0000000000010101 )
14
#940001880
04
#940501881
b0000000000010110 )
14
#941001882
04
#941501883
b0000000000010111 )
14
#942001884
04
#942501885
b0000000000011000 )
14
#943001886
04
#943501887
b0000000000011001 )
14
#944001888
04
#944501889
b0000000000011010 )
14
#945001890
04
#945501891
b0000000000011011 )
14
#946001892
04
#946501893
b0000000000011100 )
14
#947001894
04
#947501895
b0000000000011101 )
14
#948001896
04
#948501897
b0000000000011110 )
14
#949001898
04
#949501899
b0000000000011111 )
14
#950001900
04
#950501901
b0000000000100000 )
14
#951001902
04
#951501903
b0000000000100001 )
14
#952001904
04
#952501905
b0000000000100010 )
14
#953001906
04
#953501907
b0000000000100011 )
14
#954001908
04
#954501909
b0000000000100100 )
14
#955001910
04
#955501911
b0000000000100101 )
14
#956001912
04
#956501913
b0000000000100110 )
14
#957001914
04
#957501915
b0000000000100111 )
14
#958001916
04
#958501917
b0000000000101000 )
14
#959001918
04
#959501919
b0000000000101001 )
14
#960001920
04
#960501921
b0000000000101010 )
14
#961001922
04
#961501923
b0000000000101011 )
14
#962001924
04
#962501925
b0000000000101100 )
14
#963001926
04
#963501927
b0000000000101101 )
14
#964001928
04
#964501929
b0000000000101110 )
14
#965001930
04
#965501931
b0000000000101111 )
14
#966001932
04
#966501933
b0000000000110000 )
14
#967001934
04
#967501935
b0000000000110001 )
14
#968001936
04
#968501937
b0000000000110010 )
14
#969001938
04
#969501939
b0000101 (
b0000000000110011 )
14
#970001940
04
#970501941
b0000000000110100 )
14
#971001942
04
#971501943
b0000000000110101 )
14
#972001944
04
#972501945
b0000000000110110 )
14
#973001946
04
#973501947
b0000000000110111 )
14
#974001948
04
#974501949
b0000000000111000 )
14
#975001950
04
#975501951
b0000000000111001 )
14
#976001952
04
#976501953
b0000000000111010 )
14
#977001954
04
#977501955
b0000000000111011 )
14
#978001956
04
#978501957
b0000000000111100 )
14
#979001958
04
#979501959
b0000000000111101 )
14
#980001960
04
#980501961
b0000000000111110 )
14
#981001962
04
#981501963
b0000000000111111 )
14
#982001964
04
#982501965
b0000000001000000 )
14
#983001966
04
#983501967
b0000000001000001 )
14
#984001968
04
#984501969
b0000000001000010 )
14
#985001970
04
#985501971
b0000000001000011 )
14
#986001972
04
#986501973
b0000000001000100 )
14
#987001974
04
#987501975
b0000000001000101 )
14
#988001976
04
#988501977
b0000000001000110 )
14
#989001978
04
#989501979
b0000000001000111 )
14
#990001980
04
#990501981
b0000000001001000 )
14
#991001982
04
#991501983
b0000000001001001 )
14
#992001984
04
#992501985
b0000000001001010 )
14
#993001986
04
#993501987
b0000000001001011 )
14
#994001988
04
#994501989
b0000000001001100 )
14
#995001990
04
#995501991
b0000000001001101 )
14
#996001992
04
#996501993
b0000000001001110 )
14
#997001994
04
#997501995
b0000000001001111 )
14
#998001996
04
#998501997
b0000000001010000 )
14
#999001998
04
#999501999
b0000000001010001 )
14
#1000002000
04
#1000502001
b0000000001010010 )
14
#1001002002
04
#1001502003
b0000000001010011 )
14
#1002002004
04
#1002502005
b0000000001010100 )
14
#1003002006
04
#1003502007
b0000000001010101 )
14
#1004002008
04
#1004502009
b0000000001010110 )
14
#1005002010
04
#1005502011
b0000000001010111 )
14
#1006002012
04
#1006502013
b0000000001011000 )
14
#1007002014
04
#1007502015
b0000000001011001 )
14
#1008002016
04
#1008502017
b0000000001011010 )
14
#1009002018
04
#1009502019
b0000000001011011 )
14
#1010002020
04
#1010502021
b0000000001011100 )
14
#1011002022
04
#1011502023
b0000000001011101 )
14
#1012002024
04
#1012502025
b0000000001011110 )
14
#1013002026
04
#1013502027
b0000000001011111 )
14
#1014002028
04
#1014502029
b0000000001100000 )
14
#1015002030
04
#1015502031
b0000000001100001 )
14
#1016002032
04
#1016502033
b0000000001100010 )
14
#1017002034
04
#1017502035
b0000000001100011 )
14
#1018002036
04
#1018502037
b0000000001100100 )
14
#1019002038
04
#1019502039
b0000000000000000 )
1+
b0000101 .
14
1;
#1020002040
04
#1020502041
b0000000000000001 )
14
#1021002042
04
#1021502043
b0000000000000010 )
14
#1022002044
04
#1022502045
b0000000000000011 )
14
#1023002046
04
#1023502047
b0000000000000100 )
14
#1024002048
04
#1024502049
b0000000000000101 )
14
#1025002050
04
#1025502051
b0000000000000110 )
14
#1026002052
04
#1026502053
b0000000000000111 )
14
#1027002054
04
#1027502055
b0000000000001000 )
14
#1028002056
04
#1028502057
b0000000000001001 )
14
#1029002058
04
#1029502059
b0000000000001010 )
14
#1030002060
04
#1030502061
b0000000000001011 )
14
#1031002062
04
#1031502063
b0000000000001100 )
14
#1032002064
04
#1032502065
b0000000000001101 )
14
#1033002066
04
#1033502067
b0000000000001110 )
14
#1034002068
04
#1034502069
b0000000000001111 )
14
#1035002070
04
#1035502071
b0000000000010000 )
14
#1036002072
04
#1036502073
b0000000000010001 )
14
#1037002074
04
#1037502075
b0000000000010010 )
14
#1038002076
04
#1038502077
b0000000000010011 )
14
#1039002078
04
#1039502079
b0000000000010100 )
14
#1040002080
04
#1040502081
b0000000000010101 )
14
#1041002082
04
#1041502083
b0000000000010110 )
14
#1042002084
04
#1042502085
b0000000000010111 )
14
#1043002086
04
#1043502087
b0000000000011000 )
14
#1044002088
04
#1044502089
b0000000000011001 )
14
#1045002090
04
#1045502091
b0000000000011010 )
14
#1046002092
04
#1046502093
b0000000000011011 )
14
#1047002094
04
#1047502095
b0000000000011100 )
14
#1048002096
04
#1048502097
b0000000000011101 )
14
#1049002098
04
#1049502099
b0000000000011110 )
14
#1050002100
04
#1050502101
b0000000000011111 )
14
#1051002102
04
#1051502103
b0000000000100000 )
14
#1052002104
04
#1052502105
b0000000000100001 )
14
#1053002106
04
#1053502107
b0000000000100010 )
14
#1054002108
04
#1054502109
b0000000000100011 )
14
#1055002110
04
#1055502111
b0000000000100100 )
14
#1056002112
04
#1056502113
b0000000000100101 )
14
#1057002114
04
#1057502115
b0000000000100110 )
14
#1058002116
04
#1058502117
b0000000000100111 )
14
#1059002118
04
#1059502119
b0000000000101000 )
14
#1060002120
04
#1060502121
b0000000000101001 )
14
#1061002122
04
#1061502123
b0000000000101010 )
14
#1062002124
04
#1062502125
b0000000000101011 )
14
#1063002126
04
#1063502127
b0000000000101100 )
14
#1064002128
04
#1064502129
b0000000000101101 )
14
#1065002130
04
#1065502131
b0000000000101110 )
14
#1066002132
04
#1066502133
b0000000000101111 )
14
#1067002134
04
#1067502135
b0000000000110000 )
14
#1068002136
04
#1068502137
b0000000000110001 )
14
#1069002138
04
#1069502139
b0000000000110010 )
14
#1070002140
04
#1070502141
b0000000000110011 )
14
#1071002142
04
#1071502143
b0000000000110100 )
14
#1072002144
04
#1072502145
b0000000000110101 )
14
#1073002146
04
#1073502147
b0000000000110110 )
14
#1074002148
04
#1074502149
b0000000000110111 )
14
#1075002150
04
#1075502151
b0000000000111000 )
14
#1076002152
04
#1076502153
b0000000000111001 )
14
#1077002154
04
#1077502155
b0000000000111010 )
14
#1078002156
04
#1078502157
b0000000000111011 )
14
#1079002158
04
#1079502159
b0000000000111100 )
14
#1080002160
04
#1080502161
b0000000000111101 )
14
#1081002162
04
#1081502163
b0000000000111110 )
14
#1082002164
04
#1082502165
b0000000000111111 )
14
#1083002166
04
#1083502167
b0000000001000000 )
14
#1084002168
04
#1084502169
b0000000001000001 )
14
#1085002170
04
#1085502171
b0000000001000010 )
14
#1086002172
04
#1086502173
b0000000001000011 )
14
#1087002174
04
#1087502175
b0000000001000100 )
14
#1088002176
04
#1088502177
b0000000001000101 )
14
#1089002178
04
#1089502179
b0000000001000110 )
14
#1090002180
04
#1090502181
b0000000001000111 )
14
#1091002182
04
#1091502183
b0000000001001000 )
14
#1092002184
04
#1092502185
b0000000001001001 )
14
#1093002186
04
#1093502187
b0000000001001010 )
14
#1094002188
04
#1094502189
b0000000001001011 )
14
#1095002190
04
#1095502191
b0000000001001100 )
14
#1096002192
04
#1096502193
b0000000001001101 )
14
#1097002194
04
#1097502195
b0000000001001110 )
14
#1098002196
04
#1098502197
b0000000001001111 )
14
#1099002198
04
#1099502199
b0000000001010000 )
14
#1100002200
04
#1100502201
b0000000001010001 )
14
#1101002202
04
#1101502203
b0000000001010010 )
14
#1102002204
04
#1102502205
b0000000001010011 )
14
#1103002206
04
#1103502207
b0000000001010100 )
14
#1104002208
04
#1104502209
b0000000001010101 )
14
#1105002210
04
#1105502211
b0000000001010110 )
14
#1106002212
04
#1106502213
b0000000001010111 )
14
#1107002214
04
#1107502215
b0000000001011000 )
14
#1108002216
04
#1108502217
b0000000001011001 )
14
#1109002218
04
#1109502219
b0000000001011010 )
14
#1110002220
04
#1110502221
b0000000001011011 )
14
#1111002222
04
#1111502223
b0000000001011100 )
14
#1112002224
04
#1112502225
b0000000001011101 )
14
#1113002226
04
#1113502227
b0000000001011110 )
14
#1114002228
04
#1114502229
b0000000001011111 )
14
#1115002230
04
#1115502231
b0000000001100000 )
14
#1116002232
04
#1116502233
b0000000001100001 )
14
#1117002234
04
#1117502235
b0000000001100010 )
14
#1118002236
04
#1118502237
b0000000001100011 )
14
#1119002238
04
#1119502239
b0000000001100100 )
14
#1120002240
04
#1120502241
b0000000000000000 )
0+
14
0;
#1121002242
04
#1121502243
b0000000000000001 )
14
#1122002244
04
#1122502245
b0000000000000010 )
14
#1123002246
04
#1123502247
b0000000000000011 )
14
#1124002248
04
#1124502249
b0000000000000100 )
14
#1125002250
04
#1125502251
b0000000000000101 )
14
#1126002252
04
#1126502253
b0000000000000110 )
14
#1127002254
04
#1127502255
b0000000000000111 )
14
#1128002256
04
#1128502257
b0000000000001000 )
14
#1129002258
04
#1129502259
b0000000000001001 )
14
#1130002260
04
#1130502261
b0000000000001010 )
14
#1131002262
04
#1131502263
b0000000000001011 )
14
#1132002264
04
#1132502265
b0000000000001100 )
14
#1133002266
04
#1133502267
b0000000000001101 )
14
#1134002268
04
#1134502269
b0000000000001110 )
14
#1135002270
04
#1135502271
b0000000000001111 )
14
#1136002272
04
#1136502273
b0000000000010000 )
14
#1137002274
04
#1137502275
b0000000000010001 )
14
#1138002276
04
#1138502277
b0000000000010010 )
14
#1139002278
04
#1139502279
b0000000000010011 )
14
#1140002280
04
#1140502281
b0000000000010100 )
14
#1141002282
04
#1141502283
b0000000000010101 )
14
#1142002284
04
#1142502285
b0000000000010110 )
14
#1143002286
04
#1143502287
b0000000000010111 )
14
#1144002288
04
#1144502289
b0000000000011000 )
14
#1145002290
04
#1145502291
b0000000000011001 )
14
#1146002292
04
#1146502293
b0000000000011010 )
14
#1147002294
04
#1147502295
b0000000000011011 )
14
#1148002296
04
#1148502297
b0000000000011100 )
14
#1149002298
04
#1149502299
b0000000000011101 )
14
#1150002300
04
#1150502301
b0000000000011110 )
14
#1151002302
04
#1151502303
b0000000000011111 )
14
#1152002304
04
#1152502305
b0000000000100000 )
14
#1153002306
04
#1153502307
b0000000000100001 )
14
#1154002308
04
#1154502309
b0000000000100010 )
14
#1155002310
04
#1155502311
b0000000000100011 )
14
#1156002312
04
#1156502313
b0000000000100100 )
14
#1157002314
04
#1157502315
b0000000000100101 )
14
#1158002316
04
#1158502317
b0000000000100110 )
14
#1159002318
04
#1159502319
b0000000000100111 )
14
#1160002320
04
#1160502321
b0000000000101000 )
14
#1161002322
04
#1161502323
b0000000000101001 )
14
#1162002324
04
#1162502325
b0000000000101010 )
14
#1163002326
04
#1163502327
b0000000000101011 )
14
#1164002328
04
#1164502329
b0000000000101100 )
14
#1165002330
04
#1165502331
b0000000000101101 )
14
#1166002332
04
#1166502333
b0000000000101110 )
14
#1167002334
04
#1167502335
b0000000000101111 )
14
#1168002336
04
#1168502337
b0000000000110000 )
14
#1169002338
04
#1169502339
b0000000000110001 )
14
#1170002340
04
#1170502341
b0000000000110010 )
14
#1171002342
04
#1171502343
b0000110 (
b0000000000110011 )
14
#1172002344
04
#1172502345
b0000000000110100 )
14
#1173002346
04
#1173502347
b0000000000110101 )
14
#1174002348
04
#1174502349
b0000000000110110 )
14
#1175002350
04
#1175502351
b0000000000110111 )
14
#1176002352
04
#1176502353
b0000000000111000 )
14
#1177002354
04
#1177502355
b0000000000111001 )
14
#1178002356
04
#1178502357
b0000000000111010 )
14
#1179002358
04
#1179502359
b0000000000111011 )
14
#1180002360
04
#1180502361
b0000000000111100 )
14
#1181002362
04
#1181502363
b0000000000111101 )
14
#1182002364
04
#1182502365
b0000000000111110 )
14
#1183002366
04
#1183502367
b0000000000111111 )
14
#1184002368
04
#1184502369
b0000000001000000 )
14
#1185002370
04
#1185502371
b0000000001000001 )
14
#1186002372
04
#1186502373
b0000000001000010 )
14
#1187002374
04
#1187502375
b0000000001000011 )
14
#1188002376
04
#1188502377
b0000000001000100 )
14
#1189002378
04
#1189502379
b0000000001000101 )
14
#1190002380
04
#1190502381
b0000000001000110 )
14
#1191002382
04
#1191502383
b0000000001000111 )
14
#1192002384
04
#1192502385
b0000000001001000 )
14
#1193002386
04
#1193502387
b0000000001001001 )
14
#1194002388
04
#1194502389
b0000000001001010 )
14
#1195002390
04
#1195502391
b0000000001001011 )
14
#1196002392
04
#1196502393
b0000000001001100 )
14
#1197002394
04
#1197502395
b0000000001001101 )
14
#1198002396
04
#1198502397
b0000000001001110 )
14
#1199002398
04
#1199502399
b0000000001001111 )
14
#1200002400
04
#1200502401
b0000000001010000 )
14
#1201002402
04
#1201502403
b0000000001010001 )
14
#1202002404
04
#1202502405
b0000000001010010 )
14
#1203002406
04
#1203502407
b0000000001010011 )
14
#1204002408
04
#1204502409
b0000000001010100 )
14
#1205002410
04
#1205502411
b0000000001010101 )
14
#1206002412
04
#1206502413
b0000000001010110 )
14
#1207002414
04
#1207502415
b0000000001010111 )
14
#1208002416
04
#1208502417
b0000000001011000 )
14
#1209002418
04
#1209502419
b0000000001011001 )
14
#1210002420
04
#1210502421
b0000000001011010 )
14
#1211002422
04
#1211502423
b0000000001011011 )
14
#1212002424
04
#1212502425
b0000000001011100 )
14
#1213002426
04
#1213502427
b0000000001011101 )
14
#1214002428
04
#1214502429
b0000000001011110 )
14
#1215002430
04
#1215502431
b0000000001011111 )
14
#1216002432
04
#1216502433
b0000000001100000 )
14
#1217002434
04
#1217502435
b0000000001100001 )
14
#1218002436
04
#1218502437
b0000000001100010 )
14
#1219002438
04
#1219502439
b0000000001100011 )
14
#1220002440
04
#1220502441
b0000000001100100 )
14
#1221002442
04
#1221502443
b0000000000000000 )
1+
b0000110 .
14
1;
#1222002444
04
#1222502445
b0000000000000001 )
14
#1223002446
04
#1223502447
b0000000000000010 )
14
#1224002448
04
#1224502449
b0000000000000011 )
14
#1225002450
04
#1225502451
b0000000000000100 )
14
#1226002452
04
#1226502453
b0000000000000101 )
14
#1227002454
04
#1227502455
b0000000000000110 )
14
#1228002456
04
#1228502457
b0000000000000111 )
14
#1229002458
04
#1229502459
b0000000000001000 )
14
#1230002460
04
#1230502461
b0000000000001001 )
14
#1231002462
04
#1231502463
b0000000000001010 )
14
#1232002464
04
#1232502465
b0000000000001011 )
14
#1233002466
04
#1233502467
b0000000000001100 )
14
#1234002468
04
#1234502469
b0000000000001101 )
14
#1235002470
04
#1235502471
b0000000000001110 )
14
#1236002472
04
#1236502473
b0000000000001111 )
14
#1237002474
04
#1237502475
b0000000000010000 )
14
#1238002476
04
#1238502477
b0000000000010001 )
14
#1239002478
04
#1239502479
b0000000000010010 )
14
#1240002480
04
#1240502481
b0000000000010011 )
14
#1241002482
04
#1241502483
b0000000000010100 )
14
#1242002484
04
#1242502485
b0000000000010101 )
14
#1243002486
04
#1243502487
b0000000000010110 )
14
#1244002488
04
#1244502489
b0000000000010111 )
14
#1245002490
04
#1245502491
b0000000000011000 )
14
#1246002492
04
#1246502493
b0000000000011001 )
14
#1247002494
04
#1247502495
b0000000000011010 )
14
#1248002496
04
#1248502497
b0000000000011011 )
14
#1249002498
04
#1249502499
b0000000000011100 )
14
#1250002500
04
#1250502501
b0000000000011101 )
14
#1251002502
04
#1251502503
b0000000000011110 )
14
#1252002504
04
#1252502505
b0000000000011111 )
14
#1253002506
04
#1253502507
b0000000000100000 )
14
#1254002508
04
#1254502509
b0000000000100001 )
14
#1255002510
04
#1255502511
b0000000000100010 )
14
#1256002512
04
#1256502513
b0000000000100011 )
14
#1257002514
04
#1257502515
b0000000000100100 )
14
#1258002516
04
#1258502517
b0000000000100101 )
14
#1259002518
04
#1259502519
b0000000000100110 )
14
#1260002520
04
#1260502521
b0000000000100111 )
14
#1261002522
04
#1261502523
b0000000000101000 )
14
#1262002524
04
#1262502525
b0000000000101001 )
14
#1263002526
04
#1263502527
b0000000000101010 )
14
#1264002528
04
#1264502529
b0000000000101011 )
14
#1265002530
04
#1265502531
b0000000000101100 )
14
#1266002532
04
#1266502533
b0000000000101101 )
14
#1267002534
04
#1267502535
b0000000000101110 )
14
#1268002536
04
#1268502537
b0000000000101111 )
14
#1269002538
04
#1269502539
b0000000000110000 )
14
#1270002540
04
#1270502541
b0000000000110001 )
14
#1271002542
04
#1271502543
b0000000000110010 )
14
#1272002544
04
#1272502545
b0000000000110011 )
14
#1273002546
04
#1273502547
b0000000000110100 )
14
#1274002548
04
#1274502549
b0000000000110101 )
14
#1275002550
04
#1275502551
b0000000000110110 )
14
#1276002552
04
#1276502553
b0000000000110111 )
14
#1277002554
04
#1277502555
b0000000000111000 )
14
#1278002556
04
#1278502557
b0000000000111001 )
14
#1279002558
04
#1279502559
b0000000000111010 )
14
#1280002560
04
#1280502561
b0000000000111011 )
14
#1281002562
04
#1281502563
b0000000000111100 )
14
#1282002564
04
#1282502565
b0000000000111101 )
14
#1283002566
04
#1283502567
b0000000000111110 )
14
#1284002568
04
#1284502569
b0000000000111111 )
14
#1285002570
04
#1285502571
b0000000001000000 )
14
#1286002572
04
#1286502573
b0000000001000001 )
14
#1287002574
04
#1287502575
b0000000001000010 )
14
#1288002576
04
#1288502577
b0000000001000011 )
14
#1289002578
04
#1289502579
b0000000001000100 )
14
#1290002580
04
#1290502581
b0000000001000101 )
14
#1291002582
04
#1291502583
b0000000001000110 )
14
#1292002584
04
#1292502585
b0000000001000111 )
14
#1293002586
04
#1293502587
b0000000001001000 )
14
#1294002588
04
#1294502589
b0000000001001001 )
14
#1295002590
04
#1295502591
b0000000001001010 )
14
#1296002592
04
#1296502593
b0000000001001011 )
14
#1297002594
04
#1297502595
b0000000001001100 )
14
#1298002596
04
#1298502597
b0000000001001101 )
14
#1299002598
04
#1299502599
b0000000001001110 )
14
#1300002600
04
#1300502601
b0000000001001111 )
14
#1301002602
04
#1301502603
b0000000001010000 )
14
#1302002604
04
#1302502605
b0000000001010001 )
14
#1303002606
04
#1303502607
b0000000001010010 )
14
#1304002608
04
#1304502609
b0000000001010011 )
14
#1305002610
04
#1305502611
b0000000001010100 )
14
#1306002612
04
#1306502613
b0000000001010101 )
14
#1307002614
04
#1307502615
b0000000001010110 )
14
#1308002616
04
#1308502617
b0000000001010111 )
14
#1309002618
04
#1309502619
b0000000001011000 )
14
#1310002620
04
#1310502621
b0000000001011001 )
14
#1311002622
04
#1311502623
b0000000001011010 )
14
#1312002624
04
#1312502625
b0000000001011011 )
14
#1313002626
04
#1313502627
b0000000001011100 )
14
#1314002628
04
#1314502629
b0000000001011101 )
14
#1315002630
04
#1315502631
b0000000001011110 )
14
#1316002632
04
#1316502633
b0000000001011111 )
14
#1317002634
04
#1317502635
b0000000001100000 )
14
#1318002636
04
#1318502637
b0000000001100001 )
14
#1319002638
04
#1319502639
b0000000001100010 )
14
#1320002640
04
#1320502641
b0000000001100011 )
14
#1321002642
04
#1321502643
b0000000001100100 )
14
#1322002644
04
#1322502645
b0000000000000000 )
0+
14
0;
#1323002646
04
#1323502647
b0000000000000001 )
14
#1324002648
04
#1324502649
b0000000000000010 )
14
#1325002650
04
#1325502651
b0000000000000011 )
14
#1326002652
04
#1326502653
b0000000000000100 )
14
#1327002654
04
#1327502655
b0000000000000101 )
14
#1328002656
04
#1328502657
b0000000000000110 )
14
#1329002658
04
#1329502659
b0000000000000111 )
14
#1330002660
04
#1330502661
b0000000000001000 )
14
#1331002662
04
#1331502663
b0000000000001001 )
14
#1332002664
04
#1332502665
b0000000000001010 )
14
#1333002666
04
#1333502667
b0000000000001011 )
14
#1334002668
04
#1334502669
b0000000000001100 )
14
#1335002670
04
#1335502671
b0000000000001101 )
14
#1336002672
04
#1336502673
b0000000000001110 )
14
#1337002674
04
#1337502675
b0000000000001111 )
14
#1338002676
04
#1338502677
b0000000000010000 )
14
#1339002678
04
#1339502679
b0000000000010001 )
14
#1340002680
04
#1340502681
b0000000000010010 )
14
#1341002682
04
#1341502683
b0000000000010011 )
14
#1342002684
04
#1342502685
b0000000000010100 )
14
#1343002686
04
#1343502687
b0000000000010101 )
14
#1344002688
04
#1344502689
b0000000000010110 )
14
#1345002690
04
#1345502691
b0000000000010111 )
14
#1346002692
04
#1346502693
b0000000000011000 )
14
#1347002694
04
#1347502695
b0000000000011001 )
14
#1348002696
04
#1348502697
b0000000000011010 )
14
#1349002698
04
#1349502699
b0000000000011011 )
14
#1350002700
04
#1350502701
b0000000000011100 )
14
#1351002702
04
#1351502703
b0000000000011101 )
14
#1352002704
04
#1352502705
b0000000000011110 )
14
#1353002706
04
#1353502707
b0000000000011111 )
14
#1354002708
04
#1354502709
b0000000000100000 )
14
#1355002710
04
#1355502711
b0000000000100001 )
14
#1356002712
04
#1356502713
b0000000000100010 )
14
#1357002714
04
#1357502715
b0000000000100011 )
14
#1358002716
04
#1358502717
b0000000000100100 )
14
#1359002718
04
#1359502719
b0000000000100101 )
14
#1360002720
04
#1360502721
b0000000000100110 )
14
#1361002722
04
#1361502723
b0000000000100111 )
14
#1362002724
04
#1362502725
b0000000000101000 )
14
#1363002726
04
#1363502727
b0000000000101001 )
14
#1364002728
04
#1364502729
b0000000000101010 )
14
#1365002730
04
#1365502731
b0000000000101011 )
14
#1366002732
04
#1366502733
b0000000000101100 )
14
#1367002734
04
#1367502735
b0000000000101101 )
14
#1368002736
04
#1368502737
b0000000000101110 )
14
#1369002738
04
#1369502739
b0000000000101111 )
14
#1370002740
04
#1370502741
b0000000000110000 )
14
#1371002742
04
#1371502743
b0000000000110001 )
14
#1372002744
04
#1372502745
b0000000000110010 )
14
#1373002746
04
#1373502747
b0000111 (
b0000000000110011 )
14
#1374002748
04
#1374502749
b0000000000110100 )
14
#1375002750
04
#1375502751
b0000000000110101 )
14
#1376002752
04
#1376502753
b0000000000110110 )
14
#1377002754
04
#1377502755
b0000000000110111 )
14
#1378002756
04
#1378502757
b0000000000111000 )
14
#1379002758
04
#1379502759
b0000000000111001 )
14
#1380002760
04
#1380502761
b0000000000111010 )
14
#1381002762
04
#1381502763
b0000000000111011 )
14
#1382002764
04
#1382502765
b0000000000111100 )
14
#1383002766
04
#1383502767
b0000000000111101 )
14
#1384002768
04
#1384502769
b0000000000111110 )
14
#1385002770
04
#1385502771
b0000000000111111 )
14
#1386002772
04
#1386502773
b0000000001000000 )
14
#1387002774
04
#1387502775
b0000000001000001 )
14
#1388002776
04
#1388502777
b0000000001000010 )
14
#1389002778
04
#1389502779
b0000000001000011 )
14
#1390002780
04
#1390502781
b0000000001000100 )
14
#1391002782
04
#1391502783
b0000000001000101 )
14
#1392002784
04
#1392502785
b0000000001000110 )
14
#1393002786
04
#1393502787
b0000000001000111 )
14
#1394002788
04
#1394502789
b0000000001001000 )
14
#1395002790
04
#1395502791
b0000000001001001 )
14
#1396002792
04
#1396502793
b0000000001001010 )
14
#1397002794
04
#1397502795
b0000000001001011 )
14
#1398002796
04
#1398502797
b0000000001001100 )
14
#1399002798
04
#1399502799
b0000000001001101 )
14
#1400002800
04
#1400502801
b0000000001001110 )
14
#1401002802
04
#1401502803
b0000000001001111 )
14
#1402002804
04
#1402502805
b0000000001010000 )
14
#1403002806
04
#1403502807
b0000000001010001 )
14
#1404002808
04
#1404502809
b0000000001010010 )
14
#1405002810
04
#1405502811
b0000000001010011 )
14
#1406002812
04
#1406502813
b0000000001010100 )
14
#1407002814
04
#1407502815
b0000000001010101 )
14
#1408002816
04
#1408502817
b0000000001010110 )
14
#1409002818
04
#1409502819
b0000000001010111 )
14
#1410002820
04
#1410502821
b0000000001011000 )
14
#1411002822
04
#1411502823
b0000000001011001 )
14
#1412002824
04
#1412502825
b0000000001011010 )
14
#1413002826
04
#1413502827
b0000000001011011 )
14
#1414002828
04
#1414502829
b0000000001011100 )
14
#1415002830
04
#1415502831
b0000000001011101 )
14
#1416002832
04
#1416502833
b0000000001011110 )
14
#1417002834
04
#1417502835
b0000000001011111 )
14
#1418002836
04
#1418502837
b0000000001100000 )
14
#1419002838
04
#1419502839
b0000000001100001 )
14
#1420002840
04
#1420502841
b0000000001100010 )
14
#1421002842
04
#1421502843
b0000000001100011 )
14
#1422002844
04
#1422502845
b0000000001100100 )
14
#1423002846
04
#1423502847
b0000000000000000 )
1+
b0000111 .
14
1;
#1424002848
04
#1424502849
b0000000000000001 )
14
#1425002850
04
#1425502851
b0000000000000010 )
14
#1426002852
04
#1426502853
b0000000000000011 )
14
#1427002854
04
#1427502855
b0000000000000100 )
14
#1428002856
04
#1428502857
b0000000000000101 )
14
#1429002858
04
#1429502859
b0000000000000110 )
14
#1430002860
04
#1430502861
b0000000000000111 )
14
#1431002862
04
#1431502863
b0000000000001000 )
14
#1432002864
04
#1432502865
b0000000000001001 )
14
#1433002866
04
#1433502867
b0000000000001010 )
14
#1434002868
04
#1434502869
b0000000000001011 )
14
#1435002870
04
#1435502871
b0000000000001100 )
14
#1436002872
04
#1436502873
b0000000000001101 )
14
#1437002874
04
#1437502875
b0000000000001110 )
14
#1438002876
04
#1438502877
b0000000000001111 )
14
#1439002878
04
#1439502879
b0000000000010000 )
14
#1440002880
04
#1440502881
b0000000000010001 )
14
#1441002882
04
#1441502883
b0000000000010010 )
14
#1442002884
04
#1442502885
b0000000000010011 )
14
#1443002886
04
#1443502887
b0000000000010100 )
14
#1444002888
04
#1444502889
b0000000000010101 )
14
#1445002890
04
#1445502891
b0000000000010110 )
14
#1446002892
04
#1446502893
b0000000000010111 )
14
#1447002894
04
#1447502895
b0000000000011000 )
14
#1448002896
04
#1448502897
b0000000000011001 )
14
#1449002898
04
#1449502899
b0000000000011010 )
14
#1450002900
04
#1450502901
b0000000000011011 )
14
#1451002902
04
#1451502903
b0000000000011100 )
14
#1452002904
04
#1452502905
b0000000000011101 )
14
#1453002906
04
#1453502907
b0000000000011110 )
14
#1454002908
04
#1454502909
b0000000000011111 )
14
#1455002910
04
#1455502911
b0000000000100000 )
14
#1456002912
04
#1456502913
b0000000000100001 )
14
#1457002914
04
#1457502915
b0000000000100010 )
14
#1458002916
04
#1458502917
b0000000000100011 )
14
#1459002918
04
#1459502919
b0000000000100100 )
14
#1460002920
04
#1460502921
b0000000000100101 )
14
#1461002922
04
#1461502923
b0000000000100110 )
14
#1462002924
04
#1462502925
b0000000000100111 )
14
#1463002926
04
#1463502927
b0000000000101000 )
14
#1464002928
04
#1464502929
b0000000000101001 )
14
#1465002930
04
#1465502931
b0000000000101010 )
14
#1466002932
04
#1466502933
b0000000000101011 )
14
#1467002934
04
#1467502935
b0000000000101100 )
14
#1468002936
04
#1468502937
b0000000000101101 )
14
#1469002938
04
#1469502939
b0000000000101110 )
14
#1470002940
04
#1470502941
b0000000000101111 )
14
#1471002942
04
#1471502943
b0000000000110000 )
14
#1472002944
04
#1472502945
b0000000000110001 )
14
#1473002946
04
#1473502947
b0000000000110010 )
14
#1474002948
04
#1474502949
b0000000000110011 )
14
#1475002950
04
#1475502951
b0000000000110100 )
14
#1476002952
04
#1476502953
b0000000000110101 )
14
#1477002954
04
#1477502955
b0000000000110110 )
14
#1478002956
04
#1478502957
b0000000000110111 )
14
#1479002958
04
#1479502959
b0000000000111000 )
14
#1480002960
04
#1480502961
b0000000000111001 )
14
#1481002962
04
#1481502963
b0000000000111010 )
14
#1482002964
04
#1482502965
b0000000000111011 )
14
#1483002966
04
#1483502967
b0000000000111100 )
14
#1484002968
04
#1484502969
b0000000000111101 )
14
#1485002970
04
#1485502971
b0000000000111110 )
14
#1486002972
04
#1486502973
b0000000000111111 )
14
#1487002974
04
#1487502975
b0000000001000000 )
14
#1488002976
04
#1488502977
b0000000001000001 )
14
#1489002978
04
#1489502979
b0000000001000010 )
14
#1490002980
04
#1490502981
b0000000001000011 )
14
#1491002982
04
#1491502983
b0000000001000100 )
14
#1492002984
04
#1492502985
b0000000001000101 )
14
#1493002986
04
#1493502987
b0000000001000110 )
14
#1494002988
04
#1494502989
b0000000001000111 )
14
#1495002990
04
#1495502991
b0000000001001000 )
14
#1496002992
04
#1496502993
b0000000001001001 )
14
#1497002994
04
#1497502995
b0000000001001010 )
14
#1498002996
04
#1498502997
b0000000001001011 )
14
#1499002998
04
#1499502999
b0000000001001100 )
14
#1500003000
04
#1500503001
b0000000001001101 )
14
#1501003002
04
#1501503003
b0000000001001110 )
14
#1502003004
04
#1502503005
b0000000001001111 )
14
#1503003006
04
#1503503007
b0000000001010000 )
14
#1504003008
04
#1504503009
b0000000001010001 )
14
#1505003010
04
#1505503011
b0000000001010010 )
14
#1506003012
04
#1506503013
b0000000001010011 )
14
#1507003014
04
#1507503015
b0000000001010100 )
14
#1508003016
04
#1508503017
b0000000001010101 )
14
#1509003018
04
#1509503019
b0000000001010110 )
14
#1510003020
04
#1510503021
b0000000001010111 )
14
#1511003022
04
#1511503023
b0000000001011000 )
14
#1512003024
04
#1512503025
b0000000001011001 )
14
#1513003026
04
#1513503027
b0000000001011010 )
14
#1514003028
04
#1514503029
b0000000001011011 )
14
#1515003030
04
#1515503031
b0000000001011100 )
14
#1516003032
04
#1516503033
b0000000001011101 )
14
#1517003034
04
#1517503035
b0000000001011110 )
14
#1518003036
04
#1518503037
b0000000001011111 )
14
#1519003038
04
#1519503039
b0000000001100000 )
14
#1520003040
04
#1520503041
b0000000001100001 )
14
#1521003042
04
#1521503043
b0000000001100010 )
14
#1522003044
04
#1522503045
b0000000001100011 )
14
#1523003046
04
#1523503047
b0000000001100100 )
14
#1524003048
04
#1524503049
b0000000000000000 )
0+
14
0;
#1525003050
04
#1525503051
b0000000000000001 )
14
#1526003052
04
#1526503053
b0000000000000010 )
14
#1527003054
04
#1527503055
b0000000000000011 )
14
#1528003056
04
#1528503057
b0000000000000100 )
14
#1529003058
04
#1529503059
b0000000000000101 )
14
#1530003060
04
#1530503061
b0000000000000110 )
14
#1531003062
04
#1531503063
b0000000000000111 )
14
#1532003064
04
#1532503065
b0000000000001000 )
14
#1533003066
04
#1533503067
b0000000000001001 )
14
#1534003068
04
#1534503069
b0000000000001010 )
14
#1535003070
04
#1535503071
b0000000000001011 )
14
#1536003072
04
#1536503073
b0000000000001100 )
14
#1537003074
04
#1537503075
b0000000000001101 )
14
#1538003076
04
#1538503077
b0000000000001110 )
14
#1539003078
04
#1539503079
b0000000000001111 )
14
#1540003080
04
#1540503081
b0000000000010000 )
14
#1541003082
04
#1541503083
b0000000000010001 )
14
#1542003084
04
#1542503085
b0000000000010010 )
14
#1543003086
04
#1543503087
b0000000000010011 )
14
#1544003088
04
#1544503089
b0000000000010100 )
14
#1545003090
04
#1545503091
b0000000000010101 )
14
#1546003092
04
#1546503093
b0000000000010110 )
14
#1547003094
04
#1547503095
b0000000000010111 )
14
#1548003096
04
#1548503097
b0000000000011000 )
14
#1549003098
04
#1549503099
b0000000000011001 )
14
#1550003100
04
#1550503101
b0000000000011010 )
14
#1551003102
04
#1551503103
b0000000000011011 )
14
#1552003104
04
#1552503105
b0000000000011100 )
14
#1553003106
04
#1553503107
b0000000000011101 )
14
#1554003108
04
#1554503109
b0000000000011110 )
14
#1555003110
04
#1555503111
b0000000000011111 )
14
#1556003112
04
#1556503113
b0000000000100000 )
14
#1557003114
04
#1557503115
b0000000000100001 )
14
#1558003116
04
#1558503117
b0000000000100010 )
14
#1559003118
04
#1559503119
b0000000000100011 )
14
#1560003120
04
#1560503121
b0000000000100100 )
14
#1561003122
04
#1561503123
b0000000000100101 )
14
#1562003124
04
#1562503125
b0000000000100110 )
14
#1563003126
04
#1563503127
b0000000000100111 )
14
#1564003128
04
#1564503129
b0000000000101000 )
14
#1565003130
04
#1565503131
b0000000000101001 )
14
#1566003132
04
#1566503133
b0000000000101010 )
14
#1567003134
04
#1567503135
b0000000000101011 )
14
#1568003136
04
#1568503137
b0000000000101100 )
14
#1569003138
04
#1569503139
b0000000000101101 )
14
#1570003140
04
#1570503141
b0000000000101110 )
14
#1571003142
04
#1571503143
b0000000000101111 )
14
#1572003144
04
#1572503145
b0000000000110000 )
14
#1573003146
04
#1573503147
b0000000000110001 )
14
#1574003148
04
#1574503149
b0000000000110010 )
14
#1575003150
04
#1575503151
b010 #
b0000000010100101 &
b0000000 (
b0000000000110011 )
14
#1576003152
04
#1576503153
b0000000000110100 )
14
b010 =
#1577003154
04
#1577503155
b0000000000110101 )
14
#1578003156
04
#1578503157
b0000000000110110 )
14
#1579003158
04
#1579503159
b0000000000110111 )
14
#1580003160
04
#1580503161
b0000000000111000 )
14
#1581003162
04
#1581503163
b0000000000111001 )
14
#1582003164
04
#1582503165
b0000000000111010 )
14
#1583003166
04
#1583503167
b0000000000111011 )
14
#1584003168
04
#1584503169
b0000000000111100 )
14
#1585003170
04
#1585503171
b0000000000111101 )
14
#1586003172
04
#1586503173
b0000000000111110 )
14
#1587003174
04
#1587503175
b0000000000111111 )
14
#1588003176
04
#1588503177
b0000000001000000 )
14
#1589003178
04
#1589503179
b0000000001000001 )
14
#1590003180
04
#1590503181
b0000000001000010 )
14
#1591003182
04
#1591503183
b0000000001000011 )
14
#1592003184
04
#1592503185
b0000000001000100 )
14
#1593003186
04
#1593503187
b0000000001000101 )
14
#1594003188
04
#1594503189
b0000000001000110 )
14
#1595003190
04
#1595503191
b0000000001000111 )
14
#1596003192
04
#1596503193
b0000000001001000 )
14
#1597003194
04
#1597503195
b0000000001001001 )
14
#1598003196
04
#1598503197
b0000000001001010 )
14
#1599003198
04
#1599503199
b0000000001001011 )
14
#1600003200
04
#1600503201
b0000000001001100 )
14
#1601003202
04
#1601503203
b0000000001001101 )
14
#1602003204
04
#1602503205
b0000000001001110 )
14
#1603003206
04
#1603503207
b0000000001001111 )
14
#1604003208
04
#1604503209
b0000000001010000 )
14
#1605003210
04
#1605503211
b0000000001010001 )
14
#1606003212
04
#1606503213
b0000000001010010 )
14
#1607003214
04
#1607503215
b0000000001010011 )
14
#1608003216
04
#1608503217
b0000000001010100 )
14
#1609003218
04
#1609503219
b0000000001010101 )
14
#1610003220
04
#1610503221
b0000000001010110 )
14
#1611003222
04
#1611503223
b0000000001010111 )
14
#1612003224
04
#1612503225
b0000000001011000 )
14
#1613003226
04
#1613503227
b0000000001011001 )
14
#1614003228
04
#1614503229
b0000000001011010 )
14
#1615003230
04
#1615503231
b0000000001011011 )
14
#1616003232
04
#1616503233
b0000000001011100 )
14
#1617003234
04
#1617503235
b0000000001011101 )
14
#1618003236
04
#1618503237
b0000000001011110 )
14
#1619003238
04
#1619503239
b0000000001011111 )
14
#1620003240
04
#1620503241
b0000000001100000 )
14
#1621003242
04
#1621503243
b0000000001100001 )
14
#1622003244
04
#1622503245
b0000000001100010 )
14
#1623003246
04
#1623503247
b0000000001100011 )
14
#1624003248
04
#1624503249
b0000000001100100 )
14
#1625003250
04
#1625503251
b0000000000000000 )
1+
b0001000 .
14
1;
#1626003252
04
#1626503253
b0000000000000001 )
14
#1627003254
04
#1627503255
b0000000000000010 )
14
#1628003256
04
#1628503257
b0000000000000011 )
14
#1629003258
04
#1629503259
b0000000000000100 )
14
#1630003260
04
#1630503261
b0000000000000101 )
14
#1631003262
04
#1631503263
b0000000000000110 )
14
#1632003264
04
#1632503265
b0000000000000111 )
14
#1633003266
04
#1633503267
b0000000000001000 )
14
#1634003268
04
#1634503269
b0000000000001001 )
14
#1635003270
04
#1635503271
b0000000000001010 )
14
#1636003272
04
#1636503273
b0000000000001011 )
14
#1637003274
04
#1637503275
b0000000000001100 )
14
#1638003276
04
#1638503277
b0000000000001101 )
14
#1639003278
04
#1639503279
b0000000000001110 )
14
#1640003280
04
#1640503281
b0000000000001111 )
14
#1641003282
04
#1641503283
b0000000000010000 )
14
#1642003284
04
#1642503285
b0000000000010001 )
14
#1643003286
04
#1643503287
b0000000000010010 )
14
#1644003288
04
#1644503289
b0000000000010011 )
14
#1645003290
04
#1645503291
b0000000000010100 )
14
#1646003292
04
#1646503293
b0000000000010101 )
14
#1647003294
04
#1647503295
b0000000000010110 )
14
#1648003296
04
#1648503297
b0000000000010111 )
14
#1649003298
04
#1649503299
b0000000000011000 )
14
#1650003300
04
#1650503301
b0000000000011001 )
14
#1651003302
04
#1651503303
b0000000000011010 )
14
#1652003304
04
#1652503305
b0000000000011011 )
14
#1653003306
04
#1653503307
b0000000000011100 )
14
#1654003308
04
#1654503309
b0000000000011101 )
14
#1655003310
04
#1655503311
b0000000000011110 )
14
#1656003312
04
#1656503313
b0000000000011111 )
14
#1657003314
04
#1657503315
b0000000000100000 )
14
#1658003316
04
#1658503317
b0000000000100001 )
14
#1659003318
04
#1659503319
b0000000000100010 )
14
#1660003320
04
#1660503321
b0000000000100011 )
14
#1661003322
04
#1661503323
b0000000000100100 )
14
#1662003324
04
#1662503325
b0000000000100101 )
14
#1663003326
04
#1663503327
b0000000000100110 )
14
#1664003328
04
#1664503329
b0000000000100111 )
14
#1665003330
04
#1665503331
b0000000000101000 )
14
#1666003332
04
#1666503333
b0000000000101001 )
14
#1667003334
04
#1667503335
b0000000000101010 )
14
#1668003336
04
#1668503337
b0000000000101011 )
14
#1669003338
04
#1669503339
b0000000000101100 )
14
#1670003340
04
#1670503341
b0000000000101101 )
14
#1671003342
04
#1671503343
b0000000000101110 )
14
#1672003344
04
#1672503345
b0000000000101111 )
14
#1673003346
04
#1673503347
b0000000000110000 )
14
#1674003348
04
#1674503349
b0000000000110001 )
14
#1675003350
04
#1675503351
b0000000000110010 )
14
#1676003352
04
#1676503353
b0000000000110011 )
14
#1677003354
04
#1677503355
b0000000000110100 )
14
#1678003356
04
#1678503357
b0000000000110101 )
14
#1679003358
04
#1679503359
b0000000000110110 )
14
#1680003360
04
#1680503361
b0000000000110111 )
14
#1681003362
04
#1681503363
b0000000000111000 )
14
#1682003364
04
#1682503365
b0000000000111001 )
14
#1683003366
04
#1683503367
b0000000000111010 )
14
#1684003368
04
#1684503369
b0000000000111011 )
14
#1685003370
04
#1685503371
b0000000000111100 )
14
#1686003372
04
#1686503373
b0000000000111101 )
14
#1687003374
04
#1687503375
b0000000000111110 )
14
#1688003376
04
#1688503377
b0000000000111111 )
14
#1689003378
04
#1689503379
b0000000001000000 )
14
#1690003380
04
#1690503381
b0000000001000001 )
14
#1691003382
04
#1691503383
b0000000001000010 )
14
#1692003384
04
#1692503385
b0000000001000011 )
14
#1693003386
04
#1693503387
b0000000001000100 )
14
#1694003388
04
#1694503389
b0000000001000101 )
14
#1695003390
04
#1695503391
b0000000001000110 )
14
#1696003392
04
#1696503393
b0000000001000111 )
14
#1697003394
04
#1697503395
b0000000001001000 )
14
#1698003396
04
#1698503397
b0000000001001001 )
14
#1699003398
04
#1699503399
b0000000001001010 )
14
#1700003400
04
#1700503401
b0000000001001011 )
14
#1701003402
04
#1701503403
b0000000001001100 )
14
#1702003404
04
#1702503405
b0000000001001101 )
14
#1703003406
04
#1703503407
b0000000001001110 )
14
#1704003408
04
#1704503409
b0000000001001111 )
14
#1705003410
04
#1705503411
b0000000001010000 )
14
#1706003412
04
#1706503413
b0000000001010001 )
14
#1707003414
04
#1707503415
b0000000001010010 )
14
#1708003416
04
#1708503417
b0000000001010011 )
14
#1709003418
04
#1709503419
b0000000001010100 )
14
#1710003420
04
#1710503421
b0000000001010101 )
14
#1711003422
04
#1711503423
b0000000001010110 )
14
#1712003424
04
#1712503425
b0000000001010111 )
14
#1713003426
04
#1713503427
b0000000001011000 )
14
#1714003428
04
#1714503429
b0000000001011001 )
14
#1715003430
04
#1715503431
b0000000001011010 )
14
#1716003432
04
#1716503433
b0000000001011011 )
14
#1717003434
04
#1717503435
b0000000001011100 )
14
#1718003436
04
#1718503437
b0000000001011101 )
14
#1719003438
04
#1719503439
b0000000001011110 )
14
#1720003440
04
#1720503441
b0000000001011111 )
14
#1721003442
04
#1721503443
b0000000001100000 )
14
#1722003444
04
#1722503445
b0000000001100001 )
14
#1723003446
04
#1723503447
b0000000001100010 )
14
#1724003448
04
#1724503449
b0000000001100011 )
14
#1725003450
04
#1725503451
b0000000001100100 )
14
#1726003452
04
#1726503453
b0000000000000000 )
0+
14
0;
#1727003454
04
#1727503455
b0000000000000001 )
14
#1728003456
04
#1728503457
b0000000000000010 )
14
#1729003458
04
#1729503459
b0000000000000011 )
14
#1730003460
04
#1730503461
b0000000000000100 )
14
#1731003462
04
#1731503463
b0000000000000101 )
14
#1732003464
04
#1732503465
b0000000000000110 )
14
#1733003466
04
#1733503467
b0000000000000111 )
14
#1734003468
04
#1734503469
b0000000000001000 )
14
#1735003470
04
#1735503471
b0000000000001001 )
14
#1736003472
04
#1736503473
b0000000000001010 )
14
#1737003474
04
#1737503475
b0000000000001011 )
14
#1738003476
04
#1738503477
b0000000000001100 )
14
#1739003478
04
#1739503479
b0000000000001101 )
14
#1740003480
04
#1740503481
b0000000000001110 )
14
#1741003482
04
#1741503483
b0000000000001111 )
14
#1742003484
04
#1742503485
b0000000000010000 )
14
#1743003486
04
#1743503487
b0000000000010001 )
14
#1744003488
04
#1744503489
b0000000000010010 )
14
#1745003490
04
#1745503491
b0000000000010011 )
14
#1746003492
04
#1746503493
b0000000000010100 )
14
#1747003494
04
#1747503495
b0000000000010101 )
14
#1748003496
04
#1748503497
b0000000000010110 )
14
#1749003498
04
#1749503499
b0000000000010111 )
14
#1750003500
04
#1750503501
b0000000000011000 )
14
#1751003502
04
#1751503503
b0000000000011001 )
14
#1752003504
04
#1752503505
b0000000000011010 )
14
#1753003506
04
#1753503507
b0000000000011011 )
14
#1754003508
04
#1754503509
b0000000000011100 )
14
#1755003510
04
#1755503511
b0000000000011101 )
14
#1756003512
04
#1756503513
b0000000000011110 )
14
#1757003514
04
#1757503515
b0000000000011111 )
14
#1758003516
04
#1758503517
b0000000000100000 )
14
#1759003518
04
#1759503519
b0000000000100001 )
14
#1760003520
04
#1760503521
b0000000000100010 )
14
#1761003522
04
#1761503523
b0000000000100011 )
14
#1762003524
04
#1762503525
b0000000000100100 )
14
#1763003526
04
#1763503527
b0000000000100101 )
14
#1764003528
04
#1764503529
b0000000000100110 )
14
#1765003530
04
#1765503531
b0000000000100111 )
14
#1766003532
04
#1766503533
b0000000000101000 )
14
#1767003534
04
#1767503535
b0000000000101001 )
14
#1768003536
04
#1768503537
b0000000000101010 )
14
#1769003538
04
#1769503539
b0000000000101011 )
14
#1770003540
04
#1770503541
b0000000000101100 )
14
#1771003542
04
#1771503543
b0000000000101101 )
14
#1772003544
04
#1772503545
b0000000000101110 )
14
#1773003546
04
#1773503547
b0000000000101111 )
14
#1774003548
04
#1774503549
b0000000000110000 )
14
#1775003550
04
#1775503551
b0000000000110001 )
14
#1776003552
04
#1776503553
b0000000000110010 )
14
#1777003554
04
#1777503555
b0000000101001010 &
b0000001 (
b0000000000110011 )
14
#1778003556
04
#1778503557
b0000000000110100 )
14
#1779003558
04
#1779503559
b0000000000110101 )
14
#1780003560
04
#1780503561
b0000000000110110 )
14
#1781003562
04
#1781503563
b0000000000110111 )
14
#1782003564
04
#1782503565
b0000000000111000 )
14
#1783003566
04
#1783503567
b0000000000111001 )
14
#1784003568
04
#1784503569
b0000000000111010 )
14
#1785003570
04
#1785503571
b0000000000111011 )
14
#1786003572
04
#1786503573
b0000000000111100 )
14
#1787003574
04
#1787503575
b0000000000111101 )
14
#1788003576
04
#1788503577
b0000000000111110 )
14
#1789003578
04
#1789503579
b0000000000111111 )
14
#1790003580
04
#1790503581
b0000000001000000 )
14
#1791003582
04
#1791503583
b0000000001000001 )
14
#1792003584
04
#1792503585
b0000000001000010 )
14
#1793003586
04
#1793503587
b0000000001000011 )
14
#1794003588
04
#1794503589
b0000000001000100 )
14
#1795003590
04
#1795503591
b0000000001000101 )
14
#1796003592
04
#1796503593
b0000000001000110 )
14
#1797003594
04
#1797503595
b0000000001000111 )
14
#1798003596
04
#1798503597
b0000000001001000 )
14
#1799003598
04
#1799503599
b0000000001001001 )
14
#1800003600
04
#1800503601
b0000000001001010 )
14
#1801003602
04
#1801503603
b0000000001001011 )
14
#1802003604
04
#1802503605
b0000000001001100 )
14
#1803003606
04
#1803503607
b0000000001001101 )
14
#1804003608
04
#1804503609
b0000000001001110 )
14
#1805003610
04
#1805503611
b0000000001001111 )
14
#1806003612
04
#1806503613
b0000000001010000 )
14
#1807003614
04
#1807503615
b0000000001010001 )
14
#1808003616
04
#1808503617
b0000000001010010 )
14
#1809003618
04
#1809503619
b0000000001010011 )
14
#1810003620
04
#1810503621
b0000000001010100 )
14
#1811003622
04
#1811503623
b0000000001010101 )
14
#1812003624
04
#1812503625
b0000000001010110 )
14
#1813003626
04
#1813503627
b0000000001010111 )
14
#1814003628
04
#1814503629
b0000000001011000 )
14
#1815003630
04
#1815503631
b0000000001011001 )
14
#1816003632
04
#1816503633
b0000000001011010 )
14
#1817003634
04
#1817503635
b0000000001011011 )
14
#1818003636
04
#1818503637
b0000000001011100 )
14
#1819003638
04
#1819503639
b0000000001011101 )
14
#1820003640
04
#1820503641
b0000000001011110 )
14
#1821003642
04
#1821503643
b0000000001011111 )
14
#1822003644
04
#1822503645
b0000000001100000 )
14
#1823003646
04
#1823503647
b0000000001100001 )
14
#1824003648
04
#1824503649
b0000000001100010 )
14
#1825003650
04
#1825503651
b0000000001100011 )
14
#1826003652
04
#1826503653
b0000000001100100 )
14
#1827003654
04
#1827503655
b0000000000000000 )
1+
b0001001 .
14
1;
#1828003656
04
#1828503657
b0000000000000001 )
14
#1829003658
04
#1829503659
b0000000000000010 )
14
#1830003660
04
#1830503661
b0000000000000011 )
14
#1831003662
04
#1831503663
b0000000000000100 )
14
#1832003664
04
#1832503665
b0000000000000101 )
14
#1833003666
04
#1833503667
b0000000000000110 )
14
#1834003668
04
#1834503669
b0000000000000111 )
14
#1835003670
04
#1835503671
b0000000000001000 )
14
#1836003672
04
#1836503673
b0000000000001001 )
14
#1837003674
04
#1837503675
b0000000000001010 )
14
#1838003676
04
#1838503677
b0000000000001011 )
14
#1839003678
04
#1839503679
b0000000000001100 )
14
#1840003680
04
#1840503681
b0000000000001101 )
14
#1841003682
04
#1841503683
b0000000000001110 )
14
#1842003684
04
#1842503685
b0000000000001111 )
14
#1843003686
04
#1843503687
b0000000000010000 )
14
#1844003688
04
#1844503689
b0000000000010001 )
14
#1845003690
04
#1845503691
b0000000000010010 )
14
#1846003692
04
#1846503693
b0000000000010011 )
14
#1847003694
04
#1847503695
b0000000000010100 )
14
#1848003696
04
#1848503697
b0000000000010101 )
14
#1849003698
04
#1849503699
b0000000000010110 )
14
#1850003700
04
#1850503701
b0000000000010111 )
14
#1851003702
04
#1851503703
b0000000000011000 )
14
#1852003704
04
#1852503705
b0000000000011001 )
14
#1853003706
04
#1853503707
b0000000000011010 )
14
#1854003708
04
#1854503709
b0000000000011011 )
14
#1855003710
04
#1855503711
b0000000000011100 )
14
#1856003712
04
#1856503713
b0000000000011101 )
14
#1857003714
04
#1857503715
b0000000000011110 )
14
#1858003716
04
#1858503717
b0000000000011111 )
14
#1859003718
04
#1859503719
b0000000000100000 )
14
#1860003720
04
#1860503721
b0000000000100001 )
14
#1861003722
04
#1861503723
b0000000000100010 )
14
#1862003724
04
#1862503725
b0000000000100011 )
14
#1863003726
04
#1863503727
b0000000000100100 )
14
#1864003728
04
#1864503729
b0000000000100101 )
14
#1865003730
04
#1865503731
b0000000000100110 )
14
#1866003732
04
#1866503733
b0000000000100111 )
14
#1867003734
04
#1867503735
b0000000000101000 )
14
#1868003736
04
#1868503737
b0000000000101001 )
14
#1869003738
04
#1869503739
b0000000000101010 )
14
#1870003740
04
#1870503741
b0000000000101011 )
14
#1871003742
04
#1871503743
b0000000000101100 )
14
#1872003744
04
#1872503745
b0000000000101101 )
14
#1873003746
04
#1873503747
b0000000000101110 )
14
#1874003748
04
#1874503749
b0000000000101111 )
14
#1875003750
04
#1875503751
b0000000000110000 )
14
#1876003752
04
#1876503753
b0000000000110001 )
14
#1877003754
04
#1877503755
b0000000000110010 )
14
#1878003756
04
#1878503757
b0000000000110011 )
14
#1879003758
04
#1879503759
b0000000000110100 )
14
#1880003760
04
#1880503761
b0000000000110101 )
14
#1881003762
04
#1881503763
b0000000000110110 )
14
#1882003764
04
#1882503765
b0000000000110111 )
14
#1883003766
04
#1883503767
b0000000000111000 )
14
#1884003768
04
#1884503769
b0000000000111001 )
14
#1885003770
04
#1885503771
b0000000000111010 )
14
#1886003772
04
#1886503773
b0000000000111011 )
14
#1887003774
04
#1887503775
b0000000000111100 )
14
#1888003776
04
#1888503777
b0000000000111101 )
14
#1889003778
04
#1889503779
b0000000000111110 )
14
#1890003780
04
#1890503781
b0000000000111111 )
14
#1891003782
04
#1891503783
b0000000001000000 )
14
#1892003784
04
#1892503785
b0000000001000001 )
14
#1893003786
04
#1893503787
b0000000001000010 )
14
#1894003788
04
#1894503789
b0000000001000011 )
14
#1895003790
04
#1895503791
b0000000001000100 )
14
#1896003792
04
#1896503793
b0000000001000101 )
14
#1897003794
04
#1897503795
b0000000001000110 )
14
#1898003796
04
#1898503797
b0000000001000111 )
14
#1899003798
04
#1899503799
b0000000001001000 )
14
#1900003800
04
#1900503801
b0000000001001001 )
14
#1901003802
04
#1901503803
b0000000001001010 )
14
#1902003804
04
#1902503805
b0000000001001011 )
14
#1903003806
04
#1903503807
b0000000001001100 )
14
#1904003808
04
#1904503809
b0000000001001101 )
14
#1905003810
04
#1905503811
b0000000001001110 )
14
#1906003812
04
#1906503813
b0000000001001111 )
14
#1907003814
04
#1907503815
b0000000001010000 )
14
#1908003816
04
#1908503817
b0000000001010001 )
14
#1909003818
04
#1909503819
b0000000001010010 )
14
#1910003820
04
#1910503821
b0000000001010011 )
14
#1911003822
04
#1911503823
b0000000001010100 )
14
#1912003824
04
#1912503825
b0000000001010101 )
14
#1913003826
04
#1913503827
b0000000001010110 )
14
#1914003828
04
#1914503829
b0000000001010111 )
14
#1915003830
04
#1915503831
b0000000001011000 )
14
#1916003832
04
#1916503833
b0000000001011001 )
14
#1917003834
04
#1917503835
b0000000001011010 )
14
#1918003836
04
#1918503837
b0000000001011011 )
14
#1919003838
04
#1919503839
b0000000001011100 )
14
#1920003840
04
#1920503841
b0000000001011101 )
14
#1921003842
04
#1921503843
b0000000001011110 )
14
#1922003844
04
#1922503845
b0000000001011111 )
14
#1923003846
04
#1923503847
b0000000001100000 )
14
#1924003848
04
#1924503849
b0000000001100001 )
14
#1925003850
04
#1925503851
b0000000001100010 )
14
#1926003852
04
#1926503853
b0000000001100011 )
14
#1927003854
04
#1927503855
b0000000001100100 )
14
#1928003856
04
#1928503857
b0000000000000000 )
0+
14
0;
#1929003858
04
#1929503859
b0000000000000001 )
14
#1930003860
04
#1930503861
b0000000000000010 )
14
#1931003862
04
#1931503863
b0000000000000011 )
14
#1932003864
04
#1932503865
b0000000000000100 )
14
#1933003866
04
#1933503867
b0000000000000101 )
14
#1934003868
04
#1934503869
b0000000000000110 )
14
#1935003870
04
#1935503871
b0000000000000111 )
14
#1936003872
04
#1936503873
b0000000000001000 )
14
#1937003874
04
#1937503875
b0000000000001001 )
14
#1938003876
04
#1938503877
b0000000000001010 )
14
#1939003878
04
#1939503879
b0000000000001011 )
14
#1940003880
04
#1940503881
b0000000000001100 )
14
#1941003882
04
#1941503883
b0000000000001101 )
14
#1942003884
04
#1942503885
b0000000000001110 )
14
#1943003886
04
#1943503887
b0000000000001111 )
14
#1944003888
04
#1944503889
b0000000000010000 )
14
#1945003890
04
#1945503891
b0000000000010001 )
14
#1946003892
04
#1946503893
b0000000000010010 )
14
#1947003894
04
#1947503895
b0000000000010011 )
14
#1948003896
04
#1948503897
b0000000000010100 )
14
#1949003898
04
#1949503899
b0000000000010101 )
14
#1950003900
04
#1950503901
b0000000000010110 )
14
#1951003902
04
#1951503903
b0000000000010111 )
14
#1952003904
04
#1952503905
b0000000000011000 )
14
#1953003906
04
#1953503907
b0000000000011001 )
14
#1954003908
04
#1954503909
b0000000000011010 )
14
#1955003910
04
#1955503911
b0000000000011011 )
14
#1956003912
04
#1956503913
b0000000000011100 )
14
#1957003914
04
#1957503915
b0000000000011101 )
14
#1958003916
04
#1958503917
b0000000000011110 )
14
#1959003918
04
#1959503919
b0000000000011111 )
14
#1960003920
04
#1960503921
b0000000000100000 )
14
#1961003922
04
#1961503923
b0000000000100001 )
14
#1962003924
04
#1962503925
b0000000000100010 )
14
#1963003926
04
#1963503927
b0000000000100011 )
14
#1964003928
04
#1964503929
b0000000000100100 )
14
#1965003930
04
#1965503931
b0000000000100101 )
14
#1966003932
04
#1966503933
b0000000000100110 )
14
#1967003934
04
#1967503935
b0000000000100111 )
14
#1968003936
04
#1968503937
b0000000000101000 )
14
#1969003938
04
#1969503939
b0000000000101001 )
14
#1970003940
04
#1970503941
b0000000000101010 )
14
#1971003942
04
#1971503943
b0000000000101011 )
14
#1972003944
04
#1972503945
b0000000000101100 )
14
#1973003946
04
#1973503947
b0000000000101101 )
14
#1974003948
04
#1974503949
b0000000000101110 )
14
#1975003950
04
#1975503951
b0000000000101111 )
14
#1976003952
04
#1976503953
b0000000000110000 )
14
#1977003954
04
#1977503955
b0000000000110001 )
14
#1978003956
04
#1978503957
b0000000000110010 )
14
#1979003958
04
#1979503959
b0000001010010100 &
b0000010 (
b0000000000110011 )
14
#1980003960
04
#1980503961
b0000000000110100 )
14
#1981003962
04
#1981503963
b0000000000110101 )
14
#1982003964
04
#1982503965
b0000000000110110 )
14
#1983003966
04
#1983503967
b0000000000110111 )
14
#1984003968
04
#1984503969
b0000000000111000 )
14
#1985003970
04
#1985503971
b0000000000111001 )
14
#1986003972
04
#1986503973
b0000000000111010 )
14
#1987003974
04
#1987503975
b0000000000111011 )
14
#1988003976
04
#1988503977
b0000000000111100 )
14
#1989003978
04
#1989503979
b0000000000111101 )
14
#1990003980
04
#1990503981
b0000000000111110 )
14
#1991003982
04
#1991503983
b0000000000111111 )
14
#1992003984
04
#1992503985
b0000000001000000 )
14
#1993003986
04
#1993503987
b0000000001000001 )
14
#1994003988
04
#1994503989
b0000000001000010 )
14
#1995003990
04
#1995503991
b0000000001000011 )
14
#1996003992
04
#1996503993
b0000000001000100 )
14
#1997003994
04
#1997503995
b0000000001000101 )
14
#1998003996
04
#1998503997
b0000000001000110 )
14
#1999003998
04
#1999503999
b0000000001000111 )
14
#2000004000
04
#2000504001
b0000000001001000 )
14
#2001004002
04
#2001504003
b0000000001001001 )
14
#2002004004
04
#2002504005
b0000000001001010 )
14
#2003004006
04
#2003504007
b0000000001001011 )
14
#2004004008
04
#2004504009
b0000000001001100 )
14
#2005004010
04
#2005504011
b0000000001001101 )
14
#2006004012
04
#2006504013
b0000000001001110 )
14
#2007004014
04
#2007504015
b0000000001001111 )
14
#2008004016
04
#2008504017
b0000000001010000 )
14
#2009004018
04
#2009504019
b0000000001010001 )
14
#2010004020
04
b0000000011000101 6
17
#2010504021
b0000000001010010 )
14
#2011004022
04
#2011504023
b0000000001010011 )
14
#2012004024
04
#2012504025
b0000000001010100 )
14
#2013004026
04
#2013504027
b0000000001010101 )
14
#2014004028
04
#2014504029
b0000000001010110 )
14
#2015004030
04
#2015504031
b0000000001010111 )
14
#2016004032
04
#2016504033
b0000000001011000 )
14
#2017004034
04
#2017504035
b0000000001011001 )
14
#2018004036
04
#2018504037
b0000000001011010 )
14
#2019004038
04
#2019504039
b0000000001011011 )
14
#2020004040
04
#2020504041
b0000000001011100 )
14
#2021004042
04
#2021504043
b0000000001011101 )
14
#2022004044
04
#2022504045
b0000000001011110 )
14
#2023004046
04
#2023504047
b0000000001011111 )
14
#2024004048
04
#2024504049
b0000000001100000 )
14
#2025004050
04
#2025504051
b0000000001100001 )
14
#2026004052
04
#2026504053
b0000000001100010 )
14
#2027004054
04
#2027504055
b0000000001100011 )
14
#2028004056
04
#2028504057
b0000000001100100 )
14
#2029004058
04
#2029504059
b0000000000000000 )
1+
b0001010 .
14
1;
#2030004060
04
#2030504061
b0000000000000001 )
14
#2031004062
04
#2031504063
b0000000000000010 )
14
#2032004064
04
#2032504065
b0000000000000011 )
14
#2033004066
04
#2033504067
b0000000000000100 )
14
#2034004068
04
#2034504069
b0000000000000101 )
14
#2035004070
04
#2035504071
b0000000000000110 )
14
#2036004072
04
#2036504073
b0000000000000111 )
14
#2037004074
04
#2037504075
b0000000000001000 )
14
#2038004076
04
#2038504077
b0000000000001001 )
14
#2039004078
04
#2039504079
b0000000000001010 )
14
#2040004080
04
#2040504081
b0000000000001011 )
14
#2041004082
04
#2041504083
b0000000000001100 )
14
#2042004084
04
#2042504085
b0000000000001101 )
14
#2043004086
04
#2043504087
b0000000000001110 )
14
#2044004088
04
#2044504089
b0000000000001111 )
14
#2045004090
04
#2045504091
b0000000000010000 )
14
#2046004092
04
#2046504093
b0000000000010001 )
14
#2047004094
04
#2047504095
b0000000000010010 )
14
#2048004096
04
#2048504097
b0000000000010011 )
14
#2049004098
04
#2049504099
b0000000000010100 )
14
#2050004100
04
#2050504101
b0000000000010101 )
14
#2051004102
04
#2051504103
b0000000000010110 )
14
#2052004104
04
#2052504105
b0000000000010111 )
14
#2053004106
04
#2053504107
b0000000000011000 )
14
#2054004108
04
#2054504109
b0000000000011001 )
14
#2055004110
04
#2055504111
b0000000000011010 )
14
#2056004112
04
#2056504113
b0000000000011011 )
14
#2057004114
04
#2057504115
b0000000000011100 )
14
#2058004116
04
#2058504117
b0000000000011101 )
14
#2059004118
04
#2059504119
b0000000000011110 )
14
#2060004120
04
#2060504121
b0000000000011111 )
14
#2061004122
04
#2061504123
b0000000000100000 )
14
#2062004124
04
#2062504125
b0000000000100001 )
14
#2063004126
04
#2063504127
b0000000000100010 )
14
#2064004128
04
#2064504129
b0000000000100011 )
14
#2065004130
04
#2065504131
b0000000000100100 )
14
#2066004132
04
#2066504133
b0000000000100101 )
14
#2067004134
04
#2067504135
b0000000000100110 )
14
#2068004136
04
#2068504137
b0000000000100111 )
14
#2069004138
04
#2069504139
b0000000000101000 )
14
#2070004140
04
#2070504141
b0000000000101001 )
14
#2071004142
04
#2071504143
b0000000000101010 )
14
#2072004144
04
#2072504145
b0000000000101011 )
14
#2073004146
04
#2073504147
b0000000000101100 )
14
#2074004148
04
#2074504149
b0000000000101101 )
14
#2075004150
04
#2075504151
b0000000000101110 )
14
#2076004152
04
#2076504153
b0000000000101111 )
14
#2077004154
04
#2077504155
b0000000000110000 )
14
#2078004156
04
#2078504157
b0000000000110001 )
14
#2079004158
04
#2079504159
b0000000000110010 )
14
#2080004160
04
#2080504161
b0000000000110011 )
14
#2081004162
04
#2081504163
b0000000000110100 )
14
#2082004164
04
#2082504165
b0000000000110101 )
14
#2083004166
04
#2083504167
b0000000000110110 )
14
#2084004168
04
#2084504169
b0000000000110111 )
14
#2085004170
04
#2085504171
b0000000000111000 )
14
#2086004172
04
#2086504173
b0000000000111001 )
14
#2087004174
04
#2087504175
b0000000000111010 )
14
#2088004176
04
#2088504177
b0000000000111011 )
14
#2089004178
04
#2089504179
b0000000000111100 )
14
#2090004180
04
#2090504181
b0000000000111101 )
14
#2091004182
04
#2091504183
b0000000000111110 )
14
#2092004184
04
#2092504185
b0000000000111111 )
14
#2093004186
04
#2093504187
b0000000001000000 )
14
#2094004188
04
#2094504189
b0000000001000001 )
14
#2095004190
04
#2095504191
b0000000001000010 )
14
#2096004192
04
#2096504193
b0000000001000011 )
14
#2097004194
04
#2097504195
b0000000001000100 )
14
#2098004196
04
#2098504197
b0000000001000101 )
14
#2099004198
04
#2099504199
b0000000001000110 )
14
#2100004200
04
#2100504201
b0000000001000111 )
14
#2101004202
04
#2101504203
b0000000001001000 )
14
#2102004204
04
#2102504205
b0000000001001001 )
14
#2103004206
04
#2103504207
b0000000001001010 )
14
#2104004208
04
#2104504209
b0000000001001011 )
14
#2105004210
04
#2105504211
b0000000001001100 )
14
#2106004212
04
#2106504213
b0000000001001101 )
14
#2107004214
04
#2107504215
b0000000001001110 )
14
#2108004216
04
#2108504217
b0000000001001111 )
14
#2109004218
04
#2109504219
b0000000001010000 )
14
#2110004220
04
#2110504221
b0000000001010001 )
14
#2111004222
04
#2111504223
b0000000001010010 )
14
#2112004224
04
#2112504225
b0000000001010011 )
14
#2113004226
04
#2113504227
b0000000001010100 )
14
#2114004228
04
#2114504229
b0000000001010101 )
14
#2115004230
04
#2115504231
b0000000001010110 )
14
#2116004232
04
#2116504233
b0000000001010111 )
14
#2117004234
04
#2117504235
b0000000001011000 )
14
#2118004236
04
#2118504237
b0000000001011001 )
14
#2119004238
04
#2119504239
b0000000001011010 )
14
#2120004240
04
#2120504241
b0000000001011011 )
14
#2121004242
04
#2121504243
b0000000001011100 )
14
#2122004244
04
#2122504245
b0000000001011101 )
14
#2123004246
04
#2123504247
b0000000001011110 )
14
#2124004248
04
#2124504249
b0000000001011111 )
14
#2125004250
04
#2125504251
b0000000001100000 )
14
#2126004252
04
#2126504253
b0000000001100001 )
14
#2127004254
04
#2127504255
b0000000001100010 )
14
#2128004256
04
#2128504257
b0000000001100011 )
14
#2129004258
04
#2129504259
b0000000001100100 )
14
#2130004260
04
#2130504261
b0000000000000000 )
0+
14
0;
#2131004262
04
#2131504263
b0000000000000001 )
14
#2132004264
04
#2132504265
b0000000000000010 )
14
#2133004266
04
#2133504267
b0000000000000011 )
14
#2134004268
04
#2134504269
b0000000000000100 )
14
#2135004270
04
#2135504271
b0000000000000101 )
14
#2136004272
04
#2136504273
b0000000000000110 )
14
#2137004274
04
#2137504275
b0000000000000111 )
14
#2138004276
04
#2138504277
b0000000000001000 )
14
#2139004278
04
#2139504279
b0000000000001001 )
14
#2140004280
04
#2140504281
b0000000000001010 )
14
#2141004282
04
#2141504283
b0000000000001011 )
14
#2142004284
04
#2142504285
b0000000000001100 )
14
#2143004286
04
#2143504287
b0000000000001101 )
14
#2144004288
04
#2144504289
b0000000000001110 )
14
#2145004290
04
#2145504291
b0000000000001111 )
14
#2146004292
04
#2146504293
b0000000000010000 )
14
#2147004294
04
#2147504295
b0000000000010001 )
14
#2148004296
04
#2148504297
b0000000000010010 )
14
#2149004298
04
#2149504299
b0000000000010011 )
14
#2150004300
04
#2150504301
b0000000000010100 )
14
#2151004302
04
#2151504303
b0000000000010101 )
14
#2152004304
04
#2152504305
b0000000000010110 )
14
#2153004306
04
#2153504307
b0000000000010111 )
14
#2154004308
04
#2154504309
b0000000000011000 )
14
#2155004310
04
#2155504311
b0000000000011001 )
14
#2156004312
04
#2156504313
b0000000000011010 )
14
#2157004314
04
#2157504315
b0000000000011011 )
14
#2158004316
04
#2158504317
b0000000000011100 )
14
#2159004318
04
#2159504319
b0000000000011101 )
14
#2160004320
04
#2160504321
b0000000000011110 )
14
#2161004322
04
#2161504323
b0000000000011111 )
14
#2162004324
04
#2162504325
b0000000000100000 )
14
#2163004326
04
#2163504327
b0000000000100001 )
14
#2164004328
04
#2164504329
b0000000000100010 )
14
#2165004330
04
#2165504331
b0000000000100011 )
14
#2166004332
04
#2166504333
b0000000000100100 )
14
#2167004334
04
#2167504335
b0000000000100101 )
14
#2168004336
04
#2168504337
b0000000000100110 )
14
#2169004338
04
#2169504339
b0000000000100111 )
14
#2170004340
04
#2170504341
b0000000000101000 )
14
#2171004342
04
#2171504343
b0000000000101001 )
14
#2172004344
04
#2172504345
b0000000000101010 )
14
#2173004346
04
#2173504347
b0000000000101011 )
14
#2174004348
04
#2174504349
b0000000000101100 )
14
#2175004350
04
#2175504351
b0000000000101101 )
14
#2176004352
04
#2176504353
b0000000000101110 )
14
#2177004354
04
#2177504355
b0000000000101111 )
14
#2178004356
04
#2178504357
b0000000000110000 )
14
#2179004358
04
#2179504359
b0000000000110001 )
14
#2180004360
04
#2180504361
b0000000000110010 )
14
#2181004362
04
#2181504363
b0000010100101000 &
b0000011 (
b0000000000110011 )
14
#2182004364
04
#2182504365
b0000000000110100 )
14
#2183004366
04
#2183504367
b0000000000110101 )
14
#2184004368
04
#2184504369
b0000000000110110 )
14
#2185004370
04
#2185504371
b0000000000110111 )
14
#2186004372
04
#2186504373
b0000000000111000 )
14
#2187004374
04
#2187504375
b0000000000111001 )
14
#2188004376
04
#2188504377
b0000000000111010 )
14
#2189004378
04
#2189504379
b0000000000111011 )
14
#2190004380
04
#2190504381
b0000000000111100 )
14
#2191004382
04
#2191504383
b0000000000111101 )
14
#2192004384
04
#2192504385
b0000000000111110 )
14
#2193004386
04
#2193504387
b0000000000111111 )
14
#2194004388
04
#2194504389
b0000000001000000 )
14
#2195004390
04
#2195504391
b0000000001000001 )
14
#2196004392
04
#2196504393
b0000000001000010 )
14
#2197004394
04
#2197504395
b0000000001000011 )
14
#2198004396
04
#2198504397
b0000000001000100 )
14
#2199004398
04
#2199504399
b0000000001000101 )
14
#2200004400
04
#2200504401
b0000000001000110 )
14
#2201004402
04
#2201504403
b0000000001000111 )
14
#2202004404
04
#2202504405
b0000000001001000 )
14
#2203004406
04
#2203504407
b0000000001001001 )
14
#2204004408
04
#2204504409
b0000000001001010 )
14
#2205004410
04
#2205504411
b0000000001001011 )
14
#2206004412
04
#2206504413
b0000000001001100 )
14
#2207004414
04
#2207504415
b0000000001001101 )
14
#2208004416
04
#2208504417
b0000000001001110 )
14
#2209004418
04
#2209504419
b0000000001001111 )
14
#2210004420
04
#2210504421
b0000000001010000 )
14
#2211004422
04
#2211504423
b0000000001010001 )
14
#2212004424
04
#2212504425
b0000000001010010 )
14
#2213004426
04
#2213504427
b0000000001010011 )
14
#2214004428
04
#2214504429
b0000000001010100 )
14
#2215004430
04
#2215504431
b0000000001010101 )
14
#2216004432
04
#2216504433
b0000000001010110 )
14
#2217004434
04
#2217504435
b0000000001010111 )
14
#2218004436
04
#2218504437
b0000000001011000 )
14
#2219004438
04
#2219504439
b0000000001011001 )
14
#2220004440
04
#2220504441
b0000000001011010 )
14
#2221004442
04
#2221504443
b0000000001011011 )
14
#2222004444
04
#2222504445
b0000000001011100 )
14
#2223004446
04
#2223504447
b0000000001011101 )
14
#2224004448
04
#2224504449
b0000000001011110 )
14
#2225004450
04
#2225504451
b0000000001011111 )
14
#2226004452
04
#2226504453
b0000000001100000 )
14
#2227004454
04
#2227504455
b0000000001100001 )
14
#2228004456
04
#2228504457
b0000000001100010 )
14
#2229004458
04
#2229504459
b0000000001100011 )
14
#2230004460
04
#2230504461
b0000000001100100 )
14
#2231004462
04
#2231504463
b0000000000000000 )
1+
b0001011 .
14
1;
#2232004464
04
#2232504465
b0000000000000001 )
14
#2233004466
04
#2233504467
b0000000000000010 )
14
#2234004468
04
#2234504469
b0000000000000011 )
14
#2235004470
04
#2235504471
b0000000000000100 )
14
#2236004472
04
#2236504473
b0000000000000101 )
14
#2237004474
04
#2237504475
b0000000000000110 )
14
#2238004476
04
#2238504477
b0000000000000111 )
14
#2239004478
04
#2239504479
b0000000000001000 )
14
#2240004480
04
#2240504481
b0000000000001001 )
14
#2241004482
04
#2241504483
b0000000000001010 )
14
#2242004484
04
#2242504485
b0000000000001011 )
14
#2243004486
04
#2243504487
b0000000000001100 )
14
#2244004488
04
#2244504489
b0000000000001101 )
14
#2245004490
04
#2245504491
b0000000000001110 )
14
#2246004492
04
#2246504493
b0000000000001111 )
14
#2247004494
04
#2247504495
b0000000000010000 )
14
#2248004496
04
#2248504497
b0000000000010001 )
14
#2249004498
04
#2249504499
b0000000000010010 )
14
#2250004500
04
#2250504501
b0000000000010011 )
14
#2251004502
04
#2251504503
b0000000000010100 )
14
#2252004504
04
#2252504505
b0000000000010101 )
14
#2253004506
04
#2253504507
b0000000000010110 )
14
#2254004508
04
#2254504509
b0000000000010111 )
14
#2255004510
04
#2255504511
b0000000000011000 )
14
#2256004512
04
#2256504513
b0000000000011001 )
14
#2257004514
04
#2257504515
b0000000000011010 )
14
#2258004516
04
#2258504517
b0000000000011011 )
14
#2259004518
04
#2259504519
b0000000000011100 )
14
#2260004520
04
#2260504521
b0000000000011101 )
14
#2261004522
04
#2261504523
b0000000000011110 )
14
#2262004524
04
#2262504525
b0000000000011111 )
14
#2263004526
04
#2263504527
b0000000000100000 )
14
#2264004528
04
#2264504529
b0000000000100001 )
14
#2265004530
04
#2265504531
b0000000000100010 )
14
#2266004532
04
#2266504533
b0000000000100011 )
14
#2267004534
04
#2267504535
b0000000000100100 )
14
#2268004536
04
#2268504537
b0000000000100101 )
14
#2269004538
04
#2269504539
b0000000000100110 )
14
#2270004540
04
#2270504541
b0000000000100111 )
14
#2271004542
04
#2271504543
b0000000000101000 )
14
#2272004544
04
#2272504545
b0000000000101001 )
14
#2273004546
04
#2273504547
b0000000000101010 )
14
#2274004548
04
#2274504549
b0000000000101011 )
14
#2275004550
04
#2275504551
b0000000000101100 )
14
#2276004552
04
#2276504553
b0000000000101101 )
14
#2277004554
04
#2277504555
b0000000000101110 )
14
#2278004556
04
#2278504557
b0000000000101111 )
14
#2279004558
04
#2279504559
b0000000000110000 )
14
#2280004560
04
#2280504561
b0000000000110001 )
14
#2281004562
04
#2281504563
b0000000000110010 )
14
#2282004564
04
#2282504565
b0000000000110011 )
14
#2283004566
04
#2283504567
b0000000000110100 )
14
#2284004568
04
#2284504569
b0000000000110101 )
14
#2285004570
04
#2285504571
b0000000000110110 )
14
#2286004572
04
#2286504573
b0000000000110111 )
14
#2287004574
04
#2287504575
b0000000000111000 )
14
#2288004576
04
#2288504577
b0000000000111001 )
14
#2289004578
04
#2289504579
b0000000000111010 )
14
#2290004580
04
#2290504581
b0000000000111011 )
14
#2291004582
04
#2291504583
b0000000000111100 )
14
#2292004584
04
#2292504585
b0000000000111101 )
14
#2293004586
04
#2293504587
b0000000000111110 )
14
#2294004588
04
#2294504589
b0000000000111111 )
14
#2295004590
04
#2295504591
b0000000001000000 )
14
#2296004592
04
#2296504593
b0000000001000001 )
14
#2297004594
04
#2297504595
b0000000001000010 )
14
#2298004596
04
#2298504597
b0000000001000011 )
14
#2299004598
04
#2299504599
b0000000001000100 )
14
#2300004600
04
#2300504601
b0000000001000101 )
14
#2301004602
04
#2301504603
b0000000001000110 )
14
#2302004604
04
#2302504605
b0000000001000111 )
14
#2303004606
04
#2303504607
b0000000001001000 )
14
#2304004608
04
#2304504609
b0000000001001001 )
14
#2305004610
04
#2305504611
b0000000001001010 )
14
#2306004612
04
#2306504613
b0000000001001011 )
14
#2307004614
04
#2307504615
b0000000001001100 )
14
#2308004616
04
#2308504617
b0000000001001101 )
14
#2309004618
04
#2309504619
b0000000001001110 )
14
#2310004620
04
#2310504621
b0000000001001111 )
14
#2311004622
04
#2311504623
b0000000001010000 )
14
#2312004624
04
#2312504625
b0000000001010001 )
14
#2313004626
04
#2313504627
b0000000001010010 )
14
#2314004628
04
#2314504629
b0000000001010011 )
14
#2315004630
04
#2315504631
b0000000001010100 )
14
#2316004632
04
#2316504633
b0000000001010101 )
14
#2317004634
04
#2317504635
b0000000001010110 )
14
#2318004636
04
#2318504637
b0000000001010111 )
14
#2319004638
04
#2319504639
b0000000001011000 )
14
#2320004640
04
#2320504641
b0000000001011001 )
14
#2321004642
04
#2321504643
b0000000001011010 )
14
#2322004644
04
#2322504645
b0000000001011011 )
14
#2323004646
04
#2323504647
b0000000001011100 )
14
#2324004648
04
#2324504649
b0000000001011101 )
14
#2325004650
04
#2325504651
b0000000001011110 )
14
#2326004652
04
#2326504653
b0000000001011111 )
14
#2327004654
04
#2327504655
b0000000001100000 )
14
#2328004656
04
#2328504657
b0000000001100001 )
14
#2329004658
04
#2329504659
b0000000001100010 )
14
#2330004660
04
#2330504661
b0000000001100011 )
14
#2331004662
04
#2331504663
b0000000001100100 )
14
#2332004664
04
#2332504665
b0000000000000000 )
0+
14
0;
#2333004666
04
#2333504667
b0000000000000001 )
14
#2334004668
04
#2334504669
b0000000000000010 )
14
#2335004670
04
#2335504671
b0000000000000011 )
14
#2336004672
04
#2336504673
b0000000000000100 )
14
#2337004674
04
#2337504675
b0000000000000101 )
14
#2338004676
04
#2338504677
b0000000000000110 )
14
#2339004678
04
#2339504679
b0000000000000111 )
14
#2340004680
04
#2340504681
b0000000000001000 )
14
#2341004682
04
#2341504683
b0000000000001001 )
14
#2342004684
04
#2342504685
b0000000000001010 )
14
#2343004686
04
#2343504687
b0000000000001011 )
14
#2344004688
04
#2344504689
b0000000000001100 )
14
#2345004690
04
#2345504691
b0000000000001101 )
14
#2346004692
04
#2346504693
b0000000000001110 )
14
#2347004694
04
#2347504695
b0000000000001111 )
14
#2348004696
04
#2348504697
b0000000000010000 )
14
#2349004698
04
#2349504699
b0000000000010001 )
14
#2350004700
04
#2350504701
b0000000000010010 )
14
#2351004702
04
#2351504703
b0000000000010011 )
14
#2352004704
04
#2352504705
b0000000000010100 )
14
#2353004706
04
#2353504707
b0000000000010101 )
14
#2354004708
04
#2354504709
b0000000000010110 )
14
#2355004710
04
#2355504711
b0000000000010111 )
14
#2356004712
04
#2356504713
b0000000000011000 )
14
#2357004714
04
#2357504715
b0000000000011001 )
14
#2358004716
04
#2358504717
b0000000000011010 )
14
#2359004718
04
#2359504719
b0000000000011011 )
14
#2360004720
04
#2360504721
b0000000000011100 )
14
#2361004722
04
#2361504723
b0000000000011101 )
14
#2362004724
04
#2362504725
b0000000000011110 )
14
#2363004726
04
#2363504727
b0000000000011111 )
14
#2364004728
04
#2364504729
b0000000000100000 )
14
#2365004730
04
#2365504731
b0000000000100001 )
14
#2366004732
04
#2366504733
b0000000000100010 )
14
#2367004734
04
#2367504735
b0000000000100011 )
14
#2368004736
04
#2368504737
b0000000000100100 )
14
#2369004738
04
#2369504739
b0000000000100101 )
14
#2370004740
04
#2370504741
b0000000000100110 )
14
#2371004742
04
#2371504743
b0000000000100111 )
14
#2372004744
04
#2372504745
b0000000000101000 )
14
#2373004746
04
#2373504747
b0000000000101001 )
14
#2374004748
04
#2374504749
b0000000000101010 )
14
#2375004750
04
#2375504751
b0000000000101011 )
14
#2376004752
04
#2376504753
b0000000000101100 )
14
#2377004754
04
#2377504755
b0000000000101101 )
14
#2378004756
04
#2378504757
b0000000000101110 )
14
#2379004758
04
#2379504759
b0000000000101111 )
14
#2380004760
04
#2380504761
b0000000000110000 )
14
#2381004762
04
#2381504763
b0000000000110001 )
14
#2382004764
04
#2382504765
b0000000000110010 )
14
#2383004766
04
#2383504767
b0000101001010000 &
b0000100 (
b0000000000110011 )
14
#2384004768
04
#2384504769
b0000000000110100 )
14
#2385004770
04
#2385504771
b0000000000110101 )
14
#2386004772
04
#2386504773
b0000000000110110 )
14
#2387004774
04
#2387504775
b0000000000110111 )
14
#2388004776
04
#2388504777
b0000000000111000 )
14
#2389004778
04
#2389504779
b0000000000111001 )
14
#2390004780
04
#2390504781
b0000000000111010 )
14
#2391004782
04
#2391504783
b0000000000111011 )
14
#2392004784
04
#2392504785
b0000000000111100 )
14
#2393004786
04
#2393504787
b0000000000111101 )
14
#2394004788
04
#2394504789
b0000000000111110 )
14
#2395004790
04
#2395504791
b0000000000111111 )
14
#2396004792
04
#2396504793
b0000000001000000 )
14
#2397004794
04
#2397504795
b0000000001000001 )
14
#2398004796
04
#2398504797
b0000000001000010 )
14
#2399004798
04
#2399504799
b0000000001000011 )
14
#2400004800
04
#2400504801
b0000000001000100 )
14
#2401004802
04
#2401504803
b0000000001000101 )
14
#2402004804
04
#2402504805
b0000000001000110 )
14
#2403004806
04
#2403504807
b0000000001000111 )
14
#2404004808
04
#2404504809
b0000000001001000 )
14
#2405004810
04
#2405504811
b0000000001001001 )
14
#2406004812
04
#2406504813
b0000000001001010 )
14
#2407004814
04
#2407504815
b0000000001001011 )
14
#2408004816
04
#2408504817
b0000000001001100 )
14
#2409004818
04
#2409504819
b0000000001001101 )
14
#2410004820
04
07
#2410504821
b0000000001001110 )
14
#2411004822
04
#2411504823
b0000000001001111 )
14
#2412004824
04
#2412504825
b0000000001010000 )
14
#2413004826
04
#2413504827
b0000000001010001 )
14
#2414004828
04
#2414504829
b0000000001010010 )
14
#2415004830
04
#2415504831
b0000000001010011 )
14
#2416004832
04
#2416504833
b0000000001010100 )
14
#2417004834
04
#2417504835
b0000000001010101 )
14
#2418004836
04
#2418504837
b0000000001010110 )
14
#2419004838
04
#2419504839
b0000000001010111 )
14
#2420004840
04
#2420504841
b0000000001011000 )
14
#2421004842
04
#2421504843
b0000000001011001 )
14
#2422004844
04
#2422504845
b0000000001011010 )
14
#2423004846
04
#2423504847
b0000000001011011 )
14
#2424004848
04
#2424504849
b0000000001011100 )
14
#2425004850
04
#2425504851
b0000000001011101 )
14
#2426004852
04
#2426504853
b0000000001011110 )
14
#2427004854
04
#2427504855
b0000000001011111 )
14
#2428004856
04
#2428504857
b0000000001100000 )
14
#2429004858
04
#2429504859
b0000000001100001 )
14
#2430004860
04
#2430504861
b0000000001100010 )
14
#2431004862
04
#2431504863
b0000000001100011 )
14
#2432004864
04
#2432504865
b0000000001100100 )
14
#2433004866
04
#2433504867
b0000000000000000 )
1+
b0001100 .
14
1;
#2434004868
04
#2434504869
b0000000000000001 )
14
#2435004870
04
#2435504871
b0000000000000010 )
14
#2436004872
04
#2436504873
b0000000000000011 )
14
#2437004874
04
#2437504875
b0000000000000100 )
14
#2438004876
04
#2438504877
b0000000000000101 )
14
#2439004878
04
#2439504879
b0000000000000110 )
14
#2440004880
04
#2440504881
b0000000000000111 )
14
#2441004882
04
#2441504883
b0000000000001000 )
14
#2442004884
04
#2442504885
b0000000000001001 )
14
#2443004886
04
#2443504887
b0000000000001010 )
14
#2444004888
04
#2444504889
b0000000000001011 )
14
#2445004890
04
#2445504891
b0000000000001100 )
14
#2446004892
04
#2446504893
b0000000000001101 )
14
#2447004894
04
#2447504895
b0000000000001110 )
14
#2448004896
04
#2448504897
b0000000000001111 )
14
#2449004898
04
#2449504899
b0000000000010000 )
14
#2450004900
04
#2450504901
b0000000000010001 )
14
#2451004902
04
#2451504903
b0000000000010010 )
14
#2452004904
04
#2452504905
b0000000000010011 )
14
#2453004906
04
#2453504907
b0000000000010100 )
14
#2454004908
04
#2454504909
b0000000000010101 )
14
#2455004910
04
#2455504911
b0000000000010110 )
14
#2456004912
04
#2456504913
b0000000000010111 )
14
#2457004914
04
#2457504915
b0000000000011000 )
14
#2458004916
04
#2458504917
b0000000000011001 )
14
#2459004918
04
#2459504919
b0000000000011010 )
14
#2460004920
04
#2460504921
b0000000000011011 )
14
#2461004922
04
#2461504923
b0000000000011100 )
14
#2462004924
04
#2462504925
b0000000000011101 )
14
#2463004926
04
#2463504927
b0000000000011110 )
14
#2464004928
04
#2464504929
b0000000000011111 )
14
#2465004930
04
#2465504931
b0000000000100000 )
14
#2466004932
04
#2466504933
b0000000000100001 )
14
#2467004934
04
#2467504935
b0000000000100010 )
14
#2468004936
04
#2468504937
b0000000000100011 )
14
#2469004938
04
#2469504939
b0000000000100100 )
14
#2470004940
04
#2470504941
b0000000000100101 )
14
#2471004942
04
#2471504943
b0000000000100110 )
14
#2472004944
04
#2472504945
b0000000000100111 )
14
#2473004946
04
#2473504947
b0000000000101000 )
14
#2474004948
04
#2474504949
b0000000000101001 )
14
#2475004950
04
#2475504951
b0000000000101010 )
14
#2476004952
04
#2476504953
b0000000000101011 )
14
#2477004954
04
#2477504955
b0000000000101100 )
14
#2478004956
04
#2478504957
b0000000000101101 )
14
#2479004958
04
#2479504959
b0000000000101110 )
14
#2480004960
04
#2480504961
b0000000000101111 )
14
#2481004962
04
#2481504963
b0000000000110000 )
14
#2482004964
04
#2482504965
b0000000000110001 )
14
#2483004966
04
#2483504967
b0000000000110010 )
14
#2484004968
04
#2484504969
b0000000000110011 )
14
#2485004970
04
#2485504971
b0000000000110100 )
14
#2486004972
04
#2486504973
b0000000000110101 )
14
#2487004974
04
#2487504975
b0000000000110110 )
14
#2488004976
04
#2488504977
b0000000000110111 )
14
#2489004978
04
#2489504979
b0000000000111000 )
14
#2490004980
04
#2490504981
b0000000000111001 )
14
#2491004982
04
#2491504983
b0000000000111010 )
14
#2492004984
04
#2492504985
b0000000000111011 )
14
#2493004986
04
#2493504987
b0000000000111100 )
14
#2494004988
04
#2494504989
b0000000000111101 )
14
#2495004990
04
#2495504991
b0000000000111110 )
14
#2496004992
04
#2496504993
b0000000000111111 )
14
#2497004994
04
#2497504995
b0000000001000000 )
14
#2498004996
04
#2498504997
b0000000001000001 )
14
#2499004998
04
#2499504999
b0000000001000010 )
14
#2500005000
04
#2500505001
b0000000001000011 )
14
#2501005002
04
#2501505003
b0000000001000100 )
14
#2502005004
04
#2502505005
b0000000001000101 )
14
#2503005006
04
#2503505007
b0000000001000110 )
14
#2504005008
04
#2504505009
b0000000001000111 )
14
#2505005010
04
#2505505011
b0000000001001000 )
14
#2506005012
04
#2506505013
b0000000001001001 )
14
#2507005014
04
#2507505015
b0000000001001010 )
14
#2508005016
04
#2508505017
b0000000001001011 )
14
#2509005018
04
#2509505019
b0000000001001100 )
14
#2510005020
04
#2510505021
b0000000001001101 )
14
#2511005022
04
#2511505023
b0000000001001110 )
14
#2512005024
04
#2512505025
b0000000001001111 )
14
#2513005026
04
#2513505027
b0000000001010000 )
14
#2514005028
04
#2514505029
b0000000001010001 )
14
#2515005030
04
#2515505031
b0000000001010010 )
14
#2516005032
04
#2516505033
b0000000001010011 )
14
#2517005034
04
#2517505035
b0000000001010100 )
14
#2518005036
04
#2518505037
b0000000001010101 )
14
#2519005038
04
#2519505039
b0000000001010110 )
14
#2520005040
04
#2520505041
b0000000001010111 )
14
#2521005042
04
#2521505043
b0000000001011000 )
14
#2522005044
04
#2522505045
b0000000001011001 )
14
#2523005046
04
#2523505047
b0000000001011010 )
14
#2524005048
04
#2524505049
b0000000001011011 )
14
#2525005050
04
#2525505051
b0000000001011100 )
14
#2526005052
04
#2526505053
b0000000001011101 )
14
#2527005054
04
#2527505055
b0000000001011110 )
14
#2528005056
04
#2528505057
b0000000001011111 )
14
#2529005058
04
#2529505059
b0000000001100000 )
14
#2530005060
04
#2530505061
b0000000001100001 )
14
#2531005062
04
#2531505063
b0000000001100010 )
14
#2532005064
04
#2532505065
b0000000001100011 )
14
#2533005066
04
#2533505067
b0000000001100100 )
14
#2534005068
04
#2534505069
b0000000000000000 )
0+
14
0;
#2535005070
04
#2535505071
b0000000000000001 )
14
#2536005072
04
#2536505073
b0000000000000010 )
14
#2537005074
04
#2537505075
b0000000000000011 )
14
#2538005076
04
#2538505077
b0000000000000100 )
14
#2539005078
04
#2539505079
b0000000000000101 )
14
#2540005080
04
#2540505081
b0000000000000110 )
14
#2541005082
04
#2541505083
b0000000000000111 )
14
#2542005084
04
#2542505085
b0000000000001000 )
14
#2543005086
04
#2543505087
b0000000000001001 )
14
#2544005088
04
#2544505089
b0000000000001010 )
14
#2545005090
04
#2545505091
b0000000000001011 )
14
#2546005092
04
#2546505093
b0000000000001100 )
14
#2547005094
04
#2547505095
b0000000000001101 )
14
#2548005096
04
#2548505097
b0000000000001110 )
14
#2549005098
04
#2549505099
b0000000000001111 )
14
#2550005100
04
#2550505101
b0000000000010000 )
14
#2551005102
04
#2551505103
b0000000000010001 )
14
#2552005104
04
#2552505105
b0000000000010010 )
14
#2553005106
04
#2553505107
b0000000000010011 )
14
#2554005108
04
#2554505109
b0000000000010100 )
14
#2555005110
04
#2555505111
b0000000000010101 )
14
#2556005112
04
#2556505113
b0000000000010110 )
14
#2557005114
04
#2557505115
b0000000000010111 )
14
#2558005116
04
#2558505117
b0000000000011000 )
14
#2559005118
04
#2559505119
b0000000000011001 )
14
#2560005120
04
#2560505121
b0000000000011010 )
14
#2561005122
04
#2561505123
b0000000000011011 )
14
#2562005124
04
#2562505125
b0000000000011100 )
14
#2563005126
04
#2563505127
b0000000000011101 )
14
#2564005128
04
#2564505129
b0000000000011110 )
14
#2565005130
04
#2565505131
b0000000000011111 )
14
#2566005132
04
#2566505133
b0000000000100000 )
14
#2567005134
04
#2567505135
b0000000000100001 )
14
#2568005136
04
#2568505137
b0000000000100010 )
14
#2569005138
04
#2569505139
b0000000000100011 )
14
#2570005140
04
#2570505141
b0000000000100100 )
14
#2571005142
04
#2571505143
b0000000000100101 )
14
#2572005144
04
#2572505145
b0000000000100110 )
14
#2573005146
04
#2573505147
b0000000000100111 )
14
#2574005148
04
#2574505149
b0000000000101000 )
14
#2575005150
04
#2575505151
b0000000000101001 )
14
#2576005152
04
#2576505153
b0000000000101010 )
14
#2577005154
04
#2577505155
b0000000000101011 )
14
#2578005156
04
#2578505157
b0000000000101100 )
14
#2579005158
04
#2579505159
b0000000000101101 )
14
#2580005160
04
#2580505161
b0000000000101110 )
14
#2581005162
04
#2581505163
b0000000000101111 )
14
#2582005164
04
#2582505165
b0000000000110000 )
14
#2583005166
04
#2583505167
b0000000000110001 )
14
#2584005168
04
#2584505169
b0000000000110010 )
14
#2585005170
04
#2585505171
b0001010010100000 &
b0000101 (
b0000000000110011 )
14
#2586005172
04
#2586505173
b0000000000110100 )
14
#2587005174
04
#2587505175
b0000000000110101 )
14
#2588005176
04
#2588505177
b0000000000110110 )
14
#2589005178
04
#2589505179
b0000000000110111 )
14
#2590005180
04
#2590505181
b0000000000111000 )
14
#2591005182
04
#2591505183
b0000000000111001 )
14
#2592005184
04
#2592505185
b0000000000111010 )
14
#2593005186
04
#2593505187
b0000000000111011 )
14
#2594005188
04
#2594505189
b0000000000111100 )
14
#2595005190
04
#2595505191
b0000000000111101 )
14
#2596005192
04
#2596505193
b0000000000111110 )
14
#2597005194
04
#2597505195
b0000000000111111 )
14
#2598005196
04
#2598505197
b0000000001000000 )
14
#2599005198
04
#2599505199
b0000000001000001 )
14
#2600005200
04
#2600505201
b0000000001000010 )
14
#2601005202
04
#2601505203
b0000000001000011 )
14
#2602005204
04
#2602505205
b0000000001000100 )
14
#2603005206
04
#2603505207
b0000000001000101 )
14
#2604005208
04
#2604505209
b0000000001000110 )
14
#2605005210
04
#2605505211
b0000000001000111 )
14
#2606005212
04
#2606505213
b0000000001001000 )
14
#2607005214
04
#2607505215
b0000000001001001 )
14
#2608005216
04
#2608505217
b0000000001001010 )
14
#2609005218
04
#2609505219
b0000000001001011 )
14
#2610005220
04
#2610505221
b0000000001001100 )
14
#2611005222
04
#2611505223
b0000000001001101 )
14
#2612005224
04
#2612505225
b0000000001001110 )
14
#2613005226
04
#2613505227
b0000000001001111 )
14
#2614005228
04
#2614505229
b0000000001010000 )
14
#2615005230
04
#2615505231
b0000000001010001 )
14
#2616005232
04
#2616505233
b0000000001010010 )
14
#2617005234
04
#2617505235
b0000000001010011 )
14
#2618005236
04
#2618505237
b0000000001010100 )
14
#2619005238
04
#2619505239
b0000000001010101 )
14
#2620005240
04
#2620505241
b0000000001010110 )
14
#2621005242
04
#2621505243
b0000000001010111 )
14
#2622005244
04
#2622505245
b0000000001011000 )
14
#2623005246
04
#2623505247
b0000000001011001 )
14
#2624005248
04
#2624505249
b0000000001011010 )
14
#2625005250
04
#2625505251
b0000000001011011 )
14
#2626005252
04
#2626505253
b0000000001011100 )
14
#2627005254
04
#2627505255
b0000000001011101 )
14
#2628005256
04
#2628505257
b0000000001011110 )
14
#2629005258
04
#2629505259
b0000000001011111 )
14
#2630005260
04
#2630505261
b0000000001100000 )
14
#2631005262
04
#2631505263
b0000000001100001 )
14
#2632005264
04
#2632505265
b0000000001100010 )
14
#2633005266
04
#2633505267
b0000000001100011 )
14
#2634005268
04
#2634505269
b0000000001100100 )
14
#2635005270
04
#2635505271
b0000000000000000 )
1+
b0001101 .
14
1;
#2636005272
04
#2636505273
b0000000000000001 )
14
#2637005274
04
#2637505275
b0000000000000010 )
14
#2638005276
04
#2638505277
b0000000000000011 )
14
#2639005278
04
#2639505279
b0000000000000100 )
14
#2640005280
04
#2640505281
b0000000000000101 )
14
#2641005282
04
#2641505283
b0000000000000110 )
14
#2642005284
04
#2642505285
b0000000000000111 )
14
#2643005286
04
#2643505287
b0000000000001000 )
14
#2644005288
04
#2644505289
b0000000000001001 )
14
#2645005290
04
#2645505291
b0000000000001010 )
14
#2646005292
04
#2646505293
b0000000000001011 )
14
#2647005294
04
#2647505295
b0000000000001100 )
14
#2648005296
04
#2648505297
b0000000000001101 )
14
#2649005298
04
#2649505299
b0000000000001110 )
14
#2650005300
04
#2650505301
b0000000000001111 )
14
#2651005302
04
#2651505303
b0000000000010000 )
14
#2652005304
04
#2652505305
b0000000000010001 )
14
#2653005306
04
#2653505307
b0000000000010010 )
14
#2654005308
04
#2654505309
b0000000000010011 )
14
#2655005310
04
#2655505311
b0000000000010100 )
14
#2656005312
04
#2656505313
b0000000000010101 )
14
#2657005314
04
#2657505315
b0000000000010110 )
14
#2658005316
04
#2658505317
b0000000000010111 )
14
#2659005318
04
#2659505319
b0000000000011000 )
14
#2660005320
04
#2660505321
b0000000000011001 )
14
#2661005322
04
#2661505323
b0000000000011010 )
14
#2662005324
04
#2662505325
b0000000000011011 )
14
#2663005326
04
#2663505327
b0000000000011100 )
14
#2664005328
04
#2664505329
b0000000000011101 )
14
#2665005330
04
#2665505331
b0000000000011110 )
14
#2666005332
04
#2666505333
b0000000000011111 )
14
#2667005334
04
#2667505335
b0000000000100000 )
14
#2668005336
04
#2668505337
b0000000000100001 )
14
#2669005338
04
#2669505339
b0000000000100010 )
14
#2670005340
04
#2670505341
b0000000000100011 )
14
#2671005342
04
#2671505343
b0000000000100100 )
14
#2672005344
04
#2672505345
b0000000000100101 )
14
#2673005346
04
#2673505347
b0000000000100110 )
14
#2674005348
04
#2674505349
b0000000000100111 )
14
#2675005350
04
#2675505351
b0000000000101000 )
14
#2676005352
04
#2676505353
b0000000000101001 )
14
#2677005354
04
#2677505355
b0000000000101010 )
14
#2678005356
04
#2678505357
b0000000000101011 )
14
#2679005358
04
#2679505359
b0000000000101100 )
14
#2680005360
04
#2680505361
b0000000000101101 )
14
#2681005362
04
#2681505363
b0000000000101110 )
14
#2682005364
04
#2682505365
b0000000000101111 )
14
#2683005366
04
#2683505367
b0000000000110000 )
14
#2684005368
04
#2684505369
b0000000000110001 )
14
#2685005370
04
#2685505371
b0000000000110010 )
14
#2686005372
04
#2686505373
b0000000000110011 )
14
#2687005374
04
#2687505375
b0000000000110100 )
14
#2688005376
04
#2688505377
b0000000000110101 )
14
#2689005378
04
#2689505379
b0000000000110110 )
14
#2690005380
04
#2690505381
b0000000000110111 )
14
#2691005382
04
#2691505383
b0000000000111000 )
14
#2692005384
04
#2692505385
b0000000000111001 )
14
#2693005386
04
#2693505387
b0000000000111010 )
14
#2694005388
04
#2694505389
b0000000000111011 )
14
#2695005390
04
#2695505391
b0000000000111100 )
14
#2696005392
04
#2696505393
b0000000000111101 )
14
#2697005394
04
#2697505395
b0000000000111110 )
14
#2698005396
04
#2698505397
b0000000000111111 )
14
#2699005398
04
#2699505399
b0000000001000000 )
14
#2700005400
04
#2700505401
b0000000001000001 )
14
#2701005402
04
#2701505403
b0000000001000010 )
14
#2702005404
04
#2702505405
b0000000001000011 )
14
#2703005406
04
#2703505407
b0000000001000100 )
14
#2704005408
04
#2704505409
b0000000001000101 )
14
#2705005410
04
#2705505411
b0000000001000110 )
14
#2706005412
04
#2706505413
b0000000001000111 )
14
#2707005414
04
#2707505415
b0000000001001000 )
14
#2708005416
04
#2708505417
b0000000001001001 )
14
#2709005418
04
#2709505419
b0000000001001010 )
14
#2710005420
04
#2710505421
b0000000001001011 )
14
#2711005422
04
#2711505423
b0000000001001100 )
14
#2712005424
04
#2712505425
b0000000001001101 )
14
#2713005426
04
#2713505427
b0000000001001110 )
14
#2714005428
04
#2714505429
b0000000001001111 )
14
#2715005430
04
#2715505431
b0000000001010000 )
14
#2716005432
04
#2716505433
b0000000001010001 )
14
#2717005434
04
#2717505435
b0000000001010010 )
14
#2718005436
04
#2718505437
b0000000001010011 )
14
#2719005438
04
#2719505439
b0000000001010100 )
14
#2720005440
04
#2720505441
b0000000001010101 )
14
#2721005442
04
#2721505443
b0000000001010110 )
14
#2722005444
04
#2722505445
b0000000001010111 )
14
#2723005446
04
#2723505447
b0000000001011000 )
14
#2724005448
04
#2724505449
b0000000001011001 )
14
#2725005450
04
#2725505451
b0000000001011010 )
14
#2726005452
04
#2726505453
b0000000001011011 )
14
#2727005454
04
#2727505455
b0000000001011100 )
14
#2728005456
04
#2728505457
b0000000001011101 )
14
#2729005458
04
#2729505459
b0000000001011110 )
14
#2730005460
04
#2730505461
b0000000001011111 )
14
#2731005462
04
#2731505463
b0000000001100000 )
14
#2732005464
04
#2732505465
b0000000001100001 )
14
#2733005466
04
#2733505467
b0000000001100010 )
14
#2734005468
04
#2734505469
b0000000001100011 )
14
#2735005470
04
#2735505471
b0000000001100100 )
14
#2736005472
04
#2736505473
b0000000000000000 )
0+
14
0;
#2737005474
04
#2737505475
b0000000000000001 )
14
#2738005476
04
#2738505477
b0000000000000010 )
14
#2739005478
04
#2739505479
b0000000000000011 )
14
#2740005480
04
#2740505481
b0000000000000100 )
14
#2741005482
04
#2741505483
b0000000000000101 )
14
#2742005484
04
#2742505485
b0000000000000110 )
14
#2743005486
04
#2743505487
b0000000000000111 )
14
#2744005488
04
#2744505489
b0000000000001000 )
14
#2745005490
04
#2745505491
b0000000000001001 )
14
#2746005492
04
#2746505493
b0000000000001010 )
14
#2747005494
04
#2747505495
b0000000000001011 )
14
#2748005496
04
#2748505497
b0000000000001100 )
14
#2749005498
04
#2749505499
b0000000000001101 )
14
#2750005500
04
#2750505501
b0000000000001110 )
14
#2751005502
04
#2751505503
b0000000000001111 )
14
#2752005504
04
#2752505505
b0000000000010000 )
14
#2753005506
04
#2753505507
b0000000000010001 )
14
#2754005508
04
#2754505509
b0000000000010010 )
14
#2755005510
04
#2755505511
b0000000000010011 )
14
#2756005512
04
#2756505513
b0000000000010100 )
14
#2757005514
04
#2757505515
b0000000000010101 )
14
#2758005516
04
#2758505517
b0000000000010110 )
14
#2759005518
04
#2759505519
b0000000000010111 )
14
#2760005520
04
#2760505521
b0000000000011000 )
14
#2761005522
04
#2761505523
b0000000000011001 )
14
#2762005524
04
#2762505525
b0000000000011010 )
14
#2763005526
04
#2763505527
b0000000000011011 )
14
#2764005528
04
#2764505529
b0000000000011100 )
14
#2765005530
04
#2765505531
b0000000000011101 )
14
#2766005532
04
#2766505533
b0000000000011110 )
14
#2767005534
04
#2767505535
b0000000000011111 )
14
#2768005536
04
#2768505537
b0000000000100000 )
14
#2769005538
04
#2769505539
b0000000000100001 )
14
#2770005540
04
#2770505541
b0000000000100010 )
14
#2771005542
04
#2771505543
b0000000000100011 )
14
#2772005544
04
#2772505545
b0000000000100100 )
14
#2773005546
04
#2773505547
b0000000000100101 )
14
#2774005548
04
#2774505549
b0000000000100110 )
14
#2775005550
04
#2775505551
b0000000000100111 )
14
#2776005552
04
#2776505553
b0000000000101000 )
14
#2777005554
04
#2777505555
b0000000000101001 )
14
#2778005556
04
#2778505557
b0000000000101010 )
14
#2779005558
04
#2779505559
b0000000000101011 )
14
#2780005560
04
#2780505561
b0000000000101100 )
14
#2781005562
04
#2781505563
b0000000000101101 )
14
#2782005564
04
#2782505565
b0000000000101110 )
14
#2783005566
04
#2783505567
b0000000000101111 )
14
#2784005568
04
#2784505569
b0000000000110000 )
14
#2785005570
04
#2785505571
b0000000000110001 )
14
#2786005572
04
#2786505573
b0000000000110010 )
14
#2787005574
04
#2787505575
b0010100101000000 &
b0000110 (
b0000000000110011 )
14
#2788005576
04
#2788505577
b0000000000110100 )
14
#2789005578
04
#2789505579
b0000000000110101 )
14
#2790005580
04
#2790505581
b0000000000110110 )
14
#2791005582
04
#2791505583
b0000000000110111 )
14
#2792005584
04
#2792505585
b0000000000111000 )
14
#2793005586
04
#2793505587
b0000000000111001 )
14
#2794005588
04
#2794505589
b0000000000111010 )
14
#2795005590
04
#2795505591
b0000000000111011 )
14
#2796005592
04
#2796505593
b0000000000111100 )
14
#2797005594
04
#2797505595
b0000000000111101 )
14
#2798005596
04
#2798505597
b0000000000111110 )
14
#2799005598
04
#2799505599
b0000000000111111 )
14
#2800005600
04
#2800505601
b0000000001000000 )
14
#2801005602
04
#2801505603
b0000000001000001 )
14
#2802005604
04
#2802505605
b0000000001000010 )
14
#2803005606
04
#2803505607
b0000000001000011 )
14
#2804005608
04
#2804505609
b0000000001000100 )
14
#2805005610
04
#2805505611
b0000000001000101 )
14
#2806005612
04
#2806505613
b0000000001000110 )
14
#2807005614
04
#2807505615
b0000000001000111 )
14
#2808005616
04
#2808505617
b0000000001001000 )
14
#2809005618
04
#2809505619
b0000000001001001 )
14
#2810005620
04
#2810505621
b0000000001001010 )
14
#2811005622
04
#2811505623
b0000000001001011 )
14
#2812005624
04
#2812505625
b0000000001001100 )
14
#2813005626
04
#2813505627
b0000000001001101 )
14
#2814005628
04
#2814505629
b0000000001001110 )
14
#2815005630
04
#2815505631
b0000000001001111 )
14
#2816005632
04
#2816505633
b0000000001010000 )
14
#2817005634
04
#2817505635
b0000000001010001 )
14
#2818005636
04
#2818505637
b0000000001010010 )
14
#2819005638
04
#2819505639
b0000000001010011 )
14
#2820005640
04
#2820505641
b0000000001010100 )
14
#2821005642
04
#2821505643
b0000000001010101 )
14
#2822005644
04
#2822505645
b0000000001010110 )
14
#2823005646
04
#2823505647
b0000000001010111 )
14
#2824005648
04
#2824505649
b0000000001011000 )
14
#2825005650
04
#2825505651
b0000000001011001 )
14
#2826005652
04
#2826505653
b0000000001011010 )
14
#2827005654
04
#2827505655
b0000000001011011 )
14
#2828005656
04
#2828505657
b0000000001011100 )
14
#2829005658
04
#2829505659
b0000000001011101 )
14
#2830005660
04
#2830505661
b0000000001011110 )
14
#2831005662
04
#2831505663
b0000000001011111 )
14
#2832005664
04
#2832505665
b0000000001100000 )
14
#2833005666
04
#2833505667
b0000000001100001 )
14
#2834005668
04
#2834505669
b0000000001100010 )
14
#2835005670
04
#2835505671
b0000000001100011 )
14
#2836005672
04
#2836505673
b0000000001100100 )
14
#2837005674
04
#2837505675
b0000000000000000 )
1+
b0001110 .
14
1;
#2838005676
04
#2838505677
b0000000000000001 )
14
#2839005678
04
#2839505679
b0000000000000010 )
14
#2840005680
04
#2840505681
b0000000000000011 )
14
#2841005682
04
#2841505683
b0000000000000100 )
14
#2842005684
04
#2842505685
b0000000000000101 )
14
#2843005686
04
#2843505687
b0000000000000110 )
14
#2844005688
04
#2844505689
b0000000000000111 )
14
#2845005690
04
#2845505691
b0000000000001000 )
14
#2846005692
04
#2846505693
b0000000000001001 )
14
#2847005694
04
#2847505695
b0000000000001010 )
14
#2848005696
04
#2848505697
b0000000000001011 )
14
#2849005698
04
#2849505699
b0000000000001100 )
14
#2850005700
04
#2850505701
b0000000000001101 )
14
#2851005702
04
#2851505703
b0000000000001110 )
14
#2852005704
04
#2852505705
b0000000000001111 )
14
#2853005706
04
#2853505707
b0000000000010000 )
14
#2854005708
04
#2854505709
b0000000000010001 )
14
#2855005710
04
#2855505711
b0000000000010010 )
14
#2856005712
04
#2856505713
b0000000000010011 )
14
#2857005714
04
#2857505715
b0000000000010100 )
14
#2858005716
04
#2858505717
b0000000000010101 )
14
#2859005718
04
#2859505719
b0000000000010110 )
14
#2860005720
04
#2860505721
b0000000000010111 )
14
#2861005722
04
#2861505723
b0000000000011000 )
14
#2862005724
04
#2862505725
b0000000000011001 )
14
#2863005726
04
#2863505727
b0000000000011010 )
14
#2864005728
04
#2864505729
b0000000000011011 )
14
#2865005730
04
#2865505731
b0000000000011100 )
14
#2866005732
04
#2866505733
b0000000000011101 )
14
#2867005734
04
#2867505735
b0000000000011110 )
14
#2868005736
04
#2868505737
b0000000000011111 )
14
#2869005738
04
#2869505739
b0000000000100000 )
14
#2870005740
04
#2870505741
b0000000000100001 )
14
#2871005742
04
#2871505743
b0000000000100010 )
14
#2872005744
04
#2872505745
b0000000000100011 )
14
#2873005746
04
#2873505747
b0000000000100100 )
14
#2874005748
04
#2874505749
b0000000000100101 )
14
#2875005750
04
#2875505751
b0000000000100110 )
14
#2876005752
04
#2876505753
b0000000000100111 )
14
#2877005754
04
#2877505755
b0000000000101000 )
14
#2878005756
04
#2878505757
b0000000000101001 )
14
#2879005758
04
#2879505759
b0000000000101010 )
14
#2880005760
04
#2880505761
b0000000000101011 )
14
#2881005762
04
#2881505763
b0000000000101100 )
14
#2882005764
04
#2882505765
b0000000000101101 )
14
#2883005766
04
#2883505767
b0000000000101110 )
14
#2884005768
04
#2884505769
b0000000000101111 )
14
#2885005770
04
#2885505771
b0000000000110000 )
14
#2886005772
04
#2886505773
b0000000000110001 )
14
#2887005774
04
#2887505775
b0000000000110010 )
14
#2888005776
04
#2888505777
b0000000000110011 )
14
#2889005778
04
#2889505779
b0000000000110100 )
14
#2890005780
04
#2890505781
b0000000000110101 )
14
#2891005782
04
#2891505783
b0000000000110110 )
14
#2892005784
04
#2892505785
b0000000000110111 )
14
#2893005786
04
#2893505787
b0000000000111000 )
14
#2894005788
04
#2894505789
b0000000000111001 )
14
#2895005790
04
#2895505791
b0000000000111010 )
14
#2896005792
04
#2896505793
b0000000000111011 )
14
#2897005794
04
#2897505795
b0000000000111100 )
14
#2898005796
04
#2898505797
b0000000000111101 )
14
#2899005798
04
#2899505799
b0000000000111110 )
14
#2900005800
04
#2900505801
b0000000000111111 )
14
#2901005802
04
#2901505803
b0000000001000000 )
14
#2902005804
04
#2902505805
b0000000001000001 )
14
#2903005806
04
#2903505807
b0000000001000010 )
14
#2904005808
04
#2904505809
b0000000001000011 )
14
#2905005810
04
#2905505811
b0000000001000100 )
14
#2906005812
04
#2906505813
b0000000001000101 )
14
#2907005814
04
#2907505815
b0000000001000110 )
14
#2908005816
04
#2908505817
b0000000001000111 )
14
#2909005818
04
#2909505819
b0000000001001000 )
14
#2910005820
04
#2910505821
b0000000001001001 )
14
#2911005822
04
#2911505823
b0000000001001010 )
14
#2912005824
04
#2912505825
b0000000001001011 )
14
#2913005826
04
#2913505827
b0000000001001100 )
14
#2914005828
04
#2914505829
b0000000001001101 )
14
#2915005830
04
#2915505831
b0000000001001110 )
14
#2916005832
04
#2916505833
b0000000001001111 )
14
#2917005834
04
#2917505835
b0000000001010000 )
14
#2918005836
04
#2918505837
b0000000001010001 )
14
#2919005838
04
#2919505839
b0000000001010010 )
14
#2920005840
04
#2920505841
b0000000001010011 )
14
#2921005842
04
#2921505843
b0000000001010100 )
14
#2922005844
04
#2922505845
b0000000001010101 )
14
#2923005846
04
#2923505847
b0000000001010110 )
14
#2924005848
04
#2924505849
b0000000001010111 )
14
#2925005850
04
#2925505851
b0000000001011000 )
14
#2926005852
04
#2926505853
b0000000001011001 )
14
#2927005854
04
#2927505855
b0000000001011010 )
14
#2928005856
04
#2928505857
b0000000001011011 )
14
#2929005858
04
#2929505859
b0000000001011100 )
14
#2930005860
04
#2930505861
b0000000001011101 )
14
#2931005862
04
#2931505863
b0000000001011110 )
14
#2932005864
04
#2932505865
b0000000001011111 )
14
#2933005866
04
#2933505867
b0000000001100000 )
14
#2934005868
04
#2934505869
b0000000001100001 )
14
#2935005870
04
#2935505871
b0000000001100010 )
14
#2936005872
04
#2936505873
b0000000001100011 )
14
#2937005874
04
#2937505875
b0000000001100100 )
14
#2938005876
04
#2938505877
b0000000000000000 )
0+
14
0;
#2939005878
04
#2939505879
b0000000000000001 )
14
#2940005880
04
#2940505881
b0000000000000010 )
14
#2941005882
04
#2941505883
b0000000000000011 )
14
#2942005884
04
#2942505885
b0000000000000100 )
14
#2943005886
04
#2943505887
b0000000000000101 )
14
#2944005888
04
#2944505889
b0000000000000110 )
14
#2945005890
04
#2945505891
b0000000000000111 )
14
#2946005892
04
#2946505893
b0000000000001000 )
14
#2947005894
04
#2947505895
b0000000000001001 )
14
#2948005896
04
#2948505897
b0000000000001010 )
14
#2949005898
04
#2949505899
b0000000000001011 )
14
#2950005900
04
#2950505901
b0000000000001100 )
14
#2951005902
04
#2951505903
b0000000000001101 )
14
#2952005904
04
#2952505905
b0000000000001110 )
14
#2953005906
04
#2953505907
b0000000000001111 )
14
#2954005908
04
#2954505909
b0000000000010000 )
14
#2955005910
04
#2955505911
b0000000000010001 )
14
#2956005912
04
#2956505913
b0000000000010010 )
14
#2957005914
04
#2957505915
b0000000000010011 )
14
#2958005916
04
#2958505917
b0000000000010100 )
14
#2959005918
04
#2959505919
b0000000000010101 )
14
#2960005920
04
#2960505921
b0000000000010110 )
14
#2961005922
04
#2961505923
b0000000000010111 )
14
#2962005924
04
#2962505925
b0000000000011000 )
14
#2963005926
04
#2963505927
b0000000000011001 )
14
#2964005928
04
#2964505929
b0000000000011010 )
14
#2965005930
04
#2965505931
b0000000000011011 )
14
#2966005932
04
#2966505933
b0000000000011100 )
14
#2967005934
04
#2967505935
b0000000000011101 )
14
#2968005936
04
#2968505937
b0000000000011110 )
14
#2969005938
04
#2969505939
b0000000000011111 )
14
#2970005940
04
#2970505941
b0000000000100000 )
14
#2971005942
04
#2971505943
b0000000000100001 )
14
#2972005944
04
#2972505945
b0000000000100010 )
14
#2973005946
04
#2973505947
b0000000000100011 )
14
#2974005948
04
#2974505949
b0000000000100100 )
14
#2975005950
04
#2975505951
b0000000000100101 )
14
#2976005952
04
#2976505953
b0000000000100110 )
14
#2977005954
04
#2977505955
b0000000000100111 )
14
#2978005956
04
#2978505957
b0000000000101000 )
14
#2979005958
04
#2979505959
b0000000000101001 )
14
#2980005960
04
#2980505961
b0000000000101010 )
14
#2981005962
04
#2981505963
b0000000000101011 )
14
#2982005964
04
#2982505965
b0000000000101100 )
14
#2983005966
04
#2983505967
b0000000000101101 )
14
#2984005968
04
#2984505969
b0000000000101110 )
14
#2985005970
04
#2985505971
b0000000000101111 )
14
#2986005972
04
#2986505973
b0000000000110000 )
14
#2987005974
04
#2987505975
b0000000000110001 )
14
#2988005976
04
#2988505977
b0000000000110010 )
14
#2989005978
04
#2989505979
b0101001010000000 &
b0000111 (
b0000000000110011 )
14
#2990005980
04
#2990505981
b0000000000110100 )
14
#2991005982
04
#2991505983
b0000000000110101 )
14
#2992005984
04
#2992505985
b0000000000110110 )
14
#2993005986
04
#2993505987
b0000000000110111 )
14
#2994005988
04
#2994505989
b0000000000111000 )
14
#2995005990
04
#2995505991
b0000000000111001 )
14
#2996005992
04
#2996505993
b0000000000111010 )
14
#2997005994
04
#2997505995
b0000000000111011 )
14
#2998005996
04
#2998505997
b0000000000111100 )
14
#2999005998
04
#2999505999
b0000000000111101 )
14
#3000006000
04
#3000506001
b0000000000111110 )
14
#3001006002
04
#3001506003
b0000000000111111 )
14
#3002006004
04
#3002506005
b0000000001000000 )
14
#3003006006
04
#3003506007
b0000000001000001 )
14
#3004006008
04
#3004506009
b0000000001000010 )
14
#3005006010
04
#3005506011
b0000000001000011 )
14
#3006006012
04
#3006506013
b0000000001000100 )
14
#3007006014
04
#3007506015
b0000000001000101 )
14
#3008006016
04
#3008506017
b0000000001000110 )
14
#3009006018
04
#3009506019
b0000000001000111 )
14
#3010006020
04
b0000000011110101 6
17
#3010506021
b0000000001001000 )
14
#3011006022
04
#3011506023
b0000000001001001 )
14
#3012006024
04
#3012506025
b0000000001001010 )
14
#3013006026
04
#3013506027
b0000000001001011 )
14
#3014006028
04
#3014506029
b0000000001001100 )
14
#3015006030
04
#3015506031
b0000000001001101 )
14
#3016006032
04
#3016506033
b0000000001001110 )
14
#3017006034
04
#3017506035
b0000000001001111 )
14
#3018006036
04
#3018506037
b0000000001010000 )
14
#3019006038
04
#3019506039
b0000000001010001 )
14
#3020006040
04
#3020506041
b0000000001010010 )
14
#3021006042
04
#3021506043
b0000000001010011 )
14
#3022006044
04
#3022506045
b0000000001010100 )
14
#3023006046
04
#3023506047
b0000000001010101 )
14
#3024006048
04
#3024506049
b0000000001010110 )
14
#3025006050
04
#3025506051
b0000000001010111 )
14
#3026006052
04
#3026506053
b0000000001011000 )
14
#3027006054
04
#3027506055
b0000000001011001 )
14
#3028006056
04
#3028506057
b0000000001011010 )
14
#3029006058
04
#3029506059
b0000000001011011 )
14
#3030006060
04
#3030506061
b0000000001011100 )
14
#3031006062
04
#3031506063
b0000000001011101 )
14
#3032006064
04
#3032506065
b0000000001011110 )
14
#3033006066
04
#3033506067
b0000000001011111 )
14
#3034006068
04
#3034506069
b0000000001100000 )
14
#3035006070
04
#3035506071
b0000000001100001 )
14
#3036006072
04
#3036506073
b0000000001100010 )
14
#3037006074
04
#3037506075
b0000000001100011 )
14
#3038006076
04
#3038506077
b0000000001100100 )
14
#3039006078
04
#3039506079
b0000000000000000 )
1+
b0001111 .
14
1;
#3040006080
04
#3040506081
b0000000000000001 )
14
#3041006082
04
#3041506083
b0000000000000010 )
14
#3042006084
04
#3042506085
b0000000000000011 )
14
#3043006086
04
#3043506087
b0000000000000100 )
14
#3044006088
04
#3044506089
b0000000000000101 )
14
#3045006090
04
#3045506091
b0000000000000110 )
14
#3046006092
04
#3046506093
b0000000000000111 )
14
#3047006094
04
#3047506095
b0000000000001000 )
14
#3048006096
04
#3048506097
b0000000000001001 )
14
#3049006098
04
#3049506099
b0000000000001010 )
14
#3050006100
04
#3050506101
b0000000000001011 )
14
#3051006102
04
#3051506103
b0000000000001100 )
14
#3052006104
04
#3052506105
b0000000000001101 )
14
#3053006106
04
#3053506107
b0000000000001110 )
14
#3054006108
04
#3054506109
b0000000000001111 )
14
#3055006110
04
#3055506111
b0000000000010000 )
14
#3056006112
04
#3056506113
b0000000000010001 )
14
#3057006114
04
#3057506115
b0000000000010010 )
14
#3058006116
04
#3058506117
b0000000000010011 )
14
#3059006118
04
#3059506119
b0000000000010100 )
14
#3060006120
04
#3060506121
b0000000000010101 )
14
#3061006122
04
#3061506123
b0000000000010110 )
14
#3062006124
04
#3062506125
b0000000000010111 )
14
#3063006126
04
#3063506127
b0000000000011000 )
14
#3064006128
04
#3064506129
b0000000000011001 )
14
#3065006130
04
#3065506131
b0000000000011010 )
14
#3066006132
04
#3066506133
b0000000000011011 )
14
#3067006134
04
#3067506135
b0000000000011100 )
14
#3068006136
04
#3068506137
b0000000000011101 )
14
#3069006138
04
#3069506139
b0000000000011110 )
14
#3070006140
04
#3070506141
b0000000000011111 )
14
#3071006142
04
#3071506143
b0000000000100000 )
14
#3072006144
04
#3072506145
b0000000000100001 )
14
#3073006146
04
#3073506147
b0000000000100010 )
14
#3074006148
04
#3074506149
b0000000000100011 )
14
#3075006150
04
#3075506151
b0000000000100100 )
14
#3076006152
04
#3076506153
b0000000000100101 )
14
#3077006154
04
#3077506155
b0000000000100110 )
14
#3078006156
04
#3078506157
b0000000000100111 )
14
#3079006158
04
#3079506159
b0000000000101000 )
14
#3080006160
04
#3080506161
b0000000000101001 )
14
#3081006162
04
#3081506163
b0000000000101010 )
14
#3082006164
04
#3082506165
b0000000000101011 )
14
#3083006166
04
#3083506167
b0000000000101100 )
14
#3084006168
04
#3084506169
b0000000000101101 )
14
#3085006170
04
#3085506171
b0000000000101110 )
14
#3086006172
04
#3086506173
b0000000000101111 )
14
#3087006174
04
#3087506175
b0000000000110000 )
14
#3088006176
04
#3088506177
b0000000000110001 )
14
#3089006178
04
#3089506179
b0000000000110010 )
14
#3090006180
04
#3090506181
b0000000000110011 )
14
#3091006182
04
#3091506183
b0000000000110100 )
14
#3092006184
04
#3092506185
b0000000000110101 )
14
#3093006186
04
#3093506187
b0000000000110110 )
14
#3094006188
04
#3094506189
b0000000000110111 )
14
#3095006190
04
#3095506191
b0000000000111000 )
14
#3096006192
04
#3096506193
b0000000000111001 )
14
#3097006194
04
#3097506195
b0000000000111010 )
14
#3098006196
04
#3098506197
b0000000000111011 )
14
#3099006198
04
#3099506199
b0000000000111100 )
14
#3100006200
04
#3100506201
b0000000000111101 )
14
#3101006202
04
#3101506203
b0000000000111110 )
14
#3102006204
04
#3102506205
b0000000000111111 )
14
#3103006206
04
#3103506207
b0000000001000000 )
14
#3104006208
04
#3104506209
b0000000001000001 )
14
#3105006210
04
#3105506211
b0000000001000010 )
14
#3106006212
04
#3106506213
b0000000001000011 )
14
#3107006214
04
#3107506215
b0000000001000100 )
14
#3108006216
04
#3108506217
b0000000001000101 )
14
#3109006218
04
#3109506219
b0000000001000110 )
14
#3110006220
04
#3110506221
b0000000001000111 )
14
#3111006222
04
#3111506223
b0000000001001000 )
14
#3112006224
04
#3112506225
b0000000001001001 )
14
#3113006226
04
#3113506227
b0000000001001010 )
14
#3114006228
04
#3114506229
b0000000001001011 )
14
#3115006230
04
#3115506231
b0000000001001100 )
14
#3116006232
04
#3116506233
b0000000001001101 )
14
#3117006234
04
#3117506235
b0000000001001110 )
14
#3118006236
04
#3118506237
b0000000001001111 )
14
#3119006238
04
#3119506239
b0000000001010000 )
14
#3120006240
04
#3120506241
b0000000001010001 )
14
#3121006242
04
#3121506243
b0000000001010010 )
14
#3122006244
04
#3122506245
b0000000001010011 )
14
#3123006246
04
#3123506247
b0000000001010100 )
14
#3124006248
04
#3124506249
b0000000001010101 )
14
#3125006250
04
#3125506251
b0000000001010110 )
14
#3126006252
04
#3126506253
b0000000001010111 )
14
#3127006254
04
#3127506255
b0000000001011000 )
14
#3128006256
04
#3128506257
b0000000001011001 )
14
#3129006258
04
#3129506259
b0000000001011010 )
14
#3130006260
04
#3130506261
b0000000001011011 )
14
#3131006262
04
#3131506263
b0000000001011100 )
14
#3132006264
04
#3132506265
b0000000001011101 )
14
#3133006266
04
#3133506267
b0000000001011110 )
14
#3134006268
04
#3134506269
b0000000001011111 )
14
#3135006270
04
#3135506271
b0000000001100000 )
14
#3136006272
04
#3136506273
b0000000001100001 )
14
#3137006274
04
#3137506275
b0000000001100010 )
14
#3138006276
04
#3138506277
b0000000001100011 )
14
#3139006278
04
#3139506279
b0000000001100100 )
14
#3140006280
04
#3140506281
b0000000000000000 )
0+
14
0;
#3141006282
04
#3141506283
b0000000000000001 )
14
#3142006284
04
#3142506285
b0000000000000010 )
14
#3143006286
04
#3143506287
b0000000000000011 )
14
#3144006288
04
#3144506289
b0000000000000100 )
14
#3145006290
04
#3145506291
b0000000000000101 )
14
#3146006292
04
#3146506293
b0000000000000110 )
14
#3147006294
04
#3147506295
b0000000000000111 )
14
#3148006296
04
#3148506297
b0000000000001000 )
14
#3149006298
04
#3149506299
b0000000000001001 )
14
#3150006300
04
#3150506301
b0000000000001010 )
14
#3151006302
04
#3151506303
b0000000000001011 )
14
#3152006304
04
#3152506305
b0000000000001100 )
14
#3153006306
04
#3153506307
b0000000000001101 )
14
#3154006308
04
#3154506309
b0000000000001110 )
14
#3155006310
04
#3155506311
b0000000000001111 )
14
#3156006312
04
#3156506313
b0000000000010000 )
14
#3157006314
04
#3157506315
b0000000000010001 )
14
#3158006316
04
#3158506317
b0000000000010010 )
14
#3159006318
04
#3159506319
b0000000000010011 )
14
#3160006320
04
#3160506321
b0000000000010100 )
14
#3161006322
04
#3161506323
b0000000000010101 )
14
#3162006324
04
#3162506325
b0000000000010110 )
14
#3163006326
04
#3163506327
b0000000000010111 )
14
#3164006328
04
#3164506329
b0000000000011000 )
14
#3165006330
04
#3165506331
b0000000000011001 )
14
#3166006332
04
#3166506333
b0000000000011010 )
14
#3167006334
04
#3167506335
b0000000000011011 )
14
#3168006336
04
#3168506337
b0000000000011100 )
14
#3169006338
04
#3169506339
b0000000000011101 )
14
#3170006340
04
#3170506341
b0000000000011110 )
14
#3171006342
04
#3171506343
b0000000000011111 )
14
#3172006344
04
#3172506345
b0000000000100000 )
14
#3173006346
04
#3173506347
b0000000000100001 )
14
#3174006348
04
#3174506349
b0000000000100010 )
14
#3175006350
04
#3175506351
b0000000000100011 )
14
#3176006352
04
#3176506353
b0000000000100100 )
14
#3177006354
04
#3177506355
b0000000000100101 )
14
#3178006356
04
#3178506357
b0000000000100110 )
14
#3179006358
04
#3179506359
b0000000000100111 )
14
#3180006360
04
#3180506361
b0000000000101000 )
14
#3181006362
04
#3181506363
b0000000000101001 )
14
#3182006364
04
#3182506365
b0000000000101010 )
14
#3183006366
04
#3183506367
b0000000000101011 )
14
#3184006368
04
#3184506369
b0000000000101100 )
14
#3185006370
04
#3185506371
b0000000000101101 )
14
#3186006372
04
#3186506373
b0000000000101110 )
14
#3187006374
04
#3187506375
b0000000000101111 )
14
#3188006376
04
#3188506377
b0000000000110000 )
14
#3189006378
04
#3189506379
b0000000000110001 )
14
#3190006380
04
#3190506381
b0000000000110010 )
14
#3191006382
04
#3191506383
b1010010100000000 &
b0001000 (
b0000000000110011 )
14
#3192006384
04
#3192506385
b0000000000110100 )
14
#3193006386
04
#3193506387
b0000000000110101 )
14
#3194006388
04
#3194506389
b0000000000110110 )
14
#3195006390
04
#3195506391
b0000000000110111 )
14
#3196006392
04
#3196506393
b0000000000111000 )
14
#3197006394
04
#3197506395
b0000000000111001 )
14
#3198006396
04
#3198506397
b0000000000111010 )
14
#3199006398
04
#3199506399
b0000000000111011 )
14
#3200006400
04
#3200506401
b0000000000111100 )
14
#3201006402
04
#3201506403
b0000000000111101 )
14
#3202006404
04
#3202506405
b0000000000111110 )
14
#3203006406
04
#3203506407
b0000000000111111 )
14
#3204006408
04
#3204506409
b0000000001000000 )
14
#3205006410
04
#3205506411
b0000000001000001 )
14
#3206006412
04
#3206506413
b0000000001000010 )
14
#3207006414
04
#3207506415
b0000000001000011 )
14
#3208006416
04
#3208506417
b0000000001000100 )
14
#3209006418
04
#3209506419
b0000000001000101 )
14
#3210006420
04
b0000000011010001 6
#3210506421
b0000000001000110 )
14
#3211006422
04
#3211506423
b0000000001000111 )
14
#3212006424
04
#3212506425
b0000000001001000 )
14
#3213006426
04
#3213506427
b0000000001001001 )
14
#3214006428
04
#3214506429
b0000000001001010 )
14
#3215006430
04
#3215506431
b0000000001001011 )
14
#3216006432
04
#3216506433
b0000000001001100 )
14
#3217006434
04
#3217506435
b0000000001001101 )
14
#3218006436
04
#3218506437
b0000000001001110 )
14
#3219006438
04
#3219506439
b0000000001001111 )
14
#3220006440
04
#3220506441
b0000000001010000 )
14
#3221006442
04
#3221506443
b0000000001010001 )
14
#3222006444
04
#3222506445
b0000000001010010 )
14
#3223006446
04
#3223506447
b0000000001010011 )
14
#3224006448
04
#3224506449
b0000000001010100 )
14
#3225006450
04
#3225506451
b0000000001010101 )
14
#3226006452
04
#3226506453
b0000000001010110 )
14
#3227006454
04
#3227506455
b0000000001010111 )
14
#3228006456
04
#3228506457
b0000000001011000 )
14
#3229006458
04
#3229506459
b0000000001011001 )
14
#3230006460
04
#3230506461
b0000000001011010 )
14
#3231006462
04
#3231506463
b0000000001011011 )
14
#3232006464
04
#3232506465
b0000000001011100 )
14
#3233006466
04
#3233506467
b0000000001011101 )
14
#3234006468
04
#3234506469
b0000000001011110 )
14
#3235006470
04
#3235506471
b0000000001011111 )
14
#3236006472
04
#3236506473
b0000000001100000 )
14
#3237006474
04
#3237506475
b0000000001100001 )
14
#3238006476
04
#3238506477
b0000000001100010 )
14
#3239006478
04
#3239506479
b0000000001100011 )
14
#3240006480
04
#3240506481
b0000000001100100 )
14
#3241006482
04
#3241506483
b0000000000000000 )
1+
b0000000 .
1/
14
1;
#3242006484
04
#3242506485
b0000000000000001 )
14
#3243006486
04
#3243506487
b0000000000000010 )
14
#3244006488
04
#3244506489
b0000000000000011 )
14
#3245006490
04
#3245506491
b0000000000000100 )
14
#3246006492
04
#3246506493
b0000000000000101 )
14
#3247006494
04
#3247506495
b0000000000000110 )
14
#3248006496
04
#3248506497
b0000000000000111 )
14
#3249006498
04
#3249506499
b0000000000001000 )
14
#3250006500
04
#3250506501
b0000000000001001 )
14
#3251006502
04
#3251506503
b0000000000001010 )
14
#3252006504
04
#3252506505
b0000000000001011 )
14
#3253006506
04
#3253506507
b0000000000001100 )
14
#3254006508
04
#3254506509
b0000000000001101 )
14
#3255006510
04
#3255506511
b0000000000001110 )
14
#3256006512
04
#3256506513
b0000000000001111 )
14
#3257006514
04
#3257506515
b0000000000010000 )
14
#3258006516
04
#3258506517
b0000000000010001 )
14
#3259006518
04
#3259506519
b0000000000010010 )
14
#3260006520
04
#3260506521
b0000000000010011 )
14
#3261006522
04
#3261506523
b0000000000010100 )
14
#3262006524
04
#3262506525
b0000000000010101 )
14
#3263006526
04
#3263506527
b0000000000010110 )
14
#3264006528
04
#3264506529
b0000000000010111 )
14
#3265006530
04
#3265506531
b0000000000011000 )
14
#3266006532
04
#3266506533
b0000000000011001 )
14
#3267006534
04
#3267506535
b0000000000011010 )
14
#3268006536
04
#3268506537
b0000000000011011 )
14
#3269006538
04
#3269506539
b0000000000011100 )
14
#3270006540
04
#3270506541
b0000000000011101 )
14
#3271006542
04
#3271506543
b0000000000011110 )
14
#3272006544
04
#3272506545
b0000000000011111 )
14
#3273006546
04
#3273506547
b0000000000100000 )
14
#3274006548
04
#3274506549
b0000000000100001 )
14
#3275006550
04
#3275506551
b0000000000100010 )
14
#3276006552
04
#3276506553
b0000000000100011 )
14
#3277006554
04
#3277506555
b0000000000100100 )
14
#3278006556
04
#3278506557
b0000000000100101 )
14
#3279006558
04
#3279506559
b0000000000100110 )
14
#3280006560
04
#3280506561
b0000000000100111 )
14
#3281006562
04
#3281506563
b0000000000101000 )
14
#3282006564
04
#3282506565
b0000000000101001 )
14
#3283006566
04
#3283506567
b0000000000101010 )
14
#3284006568
04
#3284506569
b0000000000101011 )
14
#3285006570
04
#3285506571
b0000000000101100 )
14
#3286006572
04
#3286506573
b0000000000101101 )
14
#3287006574
04
#3287506575
b0000000000101110 )
14
#3288006576
04
#3288506577
b0000000000101111 )
14
#3289006578
04
#3289506579
b0000000000110000 )
14
#3290006580
04
#3290506581
b0000000000110001 )
14
#3291006582
04
#3291506583
b0000000000110010 )
14
#3292006584
04
#3292506585
b0000000000110011 )
14
#3293006586
04
#3293506587
b0000000000110100 )
14
#3294006588
04
#3294506589
b0000000000110101 )
14
#3295006590
04
#3295506591
b0000000000110110 )
14
#3296006592
04
#3296506593
b0000000000110111 )
14
#3297006594
04
#3297506595
b0000000000111000 )
14
#3298006596
04
#3298506597
b0000000000111001 )
14
#3299006598
04
#3299506599
b0000000000111010 )
14
#3300006600
04
#3300506601
b0000000000111011 )
14
#3301006602
04
#3301506603
b0000000000111100 )
14
#3302006604
04
#3302506605
b0000000000111101 )
14
#3303006606
04
#3303506607
b0000000000111110 )
14
#3304006608
04
#3304506609
b0000000000111111 )
14
#3305006610
04
#3305506611
b0000000001000000 )
14
#3306006612
04
#3306506613
b0000000001000001 )
14
#3307006614
04
#3307506615
b0000000001000010 )
14
#3308006616
04
#3308506617
b0000000001000011 )
14
#3309006618
04
#3309506619
b0000000001000100 )
14
#3310006620
04
#3310506621
b0000000001000101 )
14
#3311006622
04
#3311506623
b0000000001000110 )
14
#3312006624
04
#3312506625
b0000000001000111 )
14
#3313006626
04
#3313506627
b0000000001001000 )
14
#3314006628
04
#3314506629
b0000000001001001 )
14
#3315006630
04
#3315506631
b0000000001001010 )
14
#3316006632
04
#3316506633
b0000000001001011 )
14
#3317006634
04
#3317506635
b0000000001001100 )
14
#3318006636
04
#3318506637
b0000000001001101 )
14
#3319006638
04
#3319506639
b0000000001001110 )
14
#3320006640
04
#3320506641
b0000000001001111 )
14
#3321006642
04
#3321506643
b0000000001010000 )
14
#3322006644
04
#3322506645
b0000000001010001 )
14
#3323006646
04
#3323506647
b0000000001010010 )
14
#3324006648
04
#3324506649
b0000000001010011 )
14
#3325006650
04
#3325506651
b0000000001010100 )
14
#3326006652
04
#3326506653
b0000000001010101 )
14
#3327006654
04
#3327506655
b0000000001010110 )
14
#3328006656
04
#3328506657
b0000000001010111 )
14
#3329006658
04
#3329506659
b0000000001011000 )
14
#3330006660
04
#3330506661
b0000000001011001 )
14
#3331006662
04
#3331506663
b0000000001011010 )
14
#3332006664
04
#3332506665
b0000000001011011 )
14
#3333006666
04
#3333506667
b0000000001011100 )
14
#3334006668
04
#3334506669
b0000000001011101 )
14
#3335006670
04
#3335506671
b0000000001011110 )
14
#3336006672
04
#3336506673
b0000000001011111 )
14
#3337006674
04
#3337506675
b0000000001100000 )
14
#3338006676
04
#3338506677
b0000000001100001 )
14
#3339006678
04
#3339506679
b0000000001100010 )
14
#3340006680
04
#3340506681
b0000000001100011 )
14
#3341006682
04
#3341506683
b0000000001100100 )
14
#3342006684
04
#3342506685
b0000000000000000 )
0+
14
0;
#3343006686
04
#3343506687
b0000000000000001 )
14
#3344006688
04
#3344506689
b0000000000000010 )
14
#3345006690
04
#3345506691
b0000000000000011 )
14
#3346006692
04
#3346506693
b0000000000000100 )
14
#3347006694
04
#3347506695
b0000000000000101 )
14
#3348006696
04
#3348506697
b0000000000000110 )
14
#3349006698
04
#3349506699
b0000000000000111 )
14
#3350006700
04
#3350506701
b0000000000001000 )
14
#3351006702
04
#3351506703
b0000000000001001 )
14
#3352006704
04
#3352506705
b0000000000001010 )
14
#3353006706
04
#3353506707
b0000000000001011 )
14
#3354006708
04
#3354506709
b0000000000001100 )
14
#3355006710
04
#3355506711
b0000000000001101 )
14
#3356006712
04
#3356506713
b0000000000001110 )
14
#3357006714
04
#3357506715
b0000000000001111 )
14
#3358006716
04
#3358506717
b0000000000010000 )
14
#3359006718
04
#3359506719
b0000000000010001 )
14
#3360006720
04
#3360506721
b0000000000010010 )
14
#3361006722
04
#3361506723
b0000000000010011 )
14
#3362006724
04
#3362506725
b0000000000010100 )
14
#3363006726
04
#3363506727
b0000000000010101 )
14
#3364006728
04
#3364506729
b0000000000010110 )
14
#3365006730
04
#3365506731
b0000000000010111 )
14
#3366006732
04
#3366506733
b0000000000011000 )
14
#3367006734
04
#3367506735
b0000000000011001 )
14
#3368006736
04
#3368506737
b0000000000011010 )
14
#3369006738
04
#3369506739
b0000000000011011 )
14
#3370006740
04
#3370506741
b0000000000011100 )
14
#3371006742
04
#3371506743
b0000000000011101 )
14
#3372006744
04
#3372506745
b0000000000011110 )
14
#3373006746
04
#3373506747
b0000000000011111 )
14
#3374006748
04
#3374506749
b0000000000100000 )
14
#3375006750
04
#3375506751
b0000000000100001 )
14
#3376006752
04
#3376506753
b0000000000100010 )
14
#3377006754
04
#3377506755
b0000000000100011 )
14
#3378006756
04
#3378506757
b0000000000100100 )
14
#3379006758
04
#3379506759
b0000000000100101 )
14
#3380006760
04
#3380506761
b0000000000100110 )
14
#3381006762
04
#3381506763
b0000000000100111 )
14
#3382006764
04
#3382506765
b0000000000101000 )
14
#3383006766
04
#3383506767
b0000000000101001 )
14
#3384006768
04
#3384506769
b0000000000101010 )
14
#3385006770
04
#3385506771
b0000000000101011 )
14
#3386006772
04
#3386506773
b0000000000101100 )
14
#3387006774
04
#3387506775
b0000000000101101 )
14
#3388006776
04
#3388506777
b0000000000101110 )
14
#3389006778
04
#3389506779
b0000000000101111 )
14
#3390006780
04
#3390506781
b0000000000110000 )
14
#3391006782
04
#3391506783
b0000000000110001 )
14
#3392006784
04
#3392506785
b0000000000110010 )
14
#3393006786
04
#3393506787
b0100101000000000 &
b0001001 (
b0000000000110011 )
14
1<
1?
#3394006788
04
#3394506789
b0000000000110100 )
14
#3395006790
04
#3395506791
b0000000000110101 )
14
#3396006792
04
#3396506793
b0000000000110110 )
14
#3397006794
04
#3397506795
b0000000000110111 )
14
#3398006796
04
#3398506797
b0000000000111000 )
14
#3399006798
04
#3399506799
b0000000000111001 )
14
#3400006800
04
#3400506801
b0000000000111010 )
14
#3401006802
04
#3401506803
b0000000000111011 )
14
#3402006804
04
#3402506805
b0000000000111100 )
14
#3403006806
04
#3403506807
b0000000000111101 )
14
#3404006808
04
#3404506809
b0000000000111110 )
14
#3405006810
04
#3405506811
b0000000000111111 )
14
#3406006812
04
#3406506813
b0000000001000000 )
14
#3407006814
04
#3407506815
b0000000001000001 )
14
#3408006816
04
#3408506817
b0000000001000010 )
14
#3409006818
04
#3409506819
b0000000001000011 )
14
#3410006820
04
07
#3410506821
b0000000001000100 )
14
#3411006822
04
#3411506823
b0000000001000101 )
14
#3412006824
04
#3412506825
b0000000001000110 )
14
#3413006826
04
#3413506827
b0000000001000111 )
14
#3414006828
04
#3414506829
b0000000001001000 )
14
#3415006830
04
#3415506831
b0000000001001001 )
14
#3416006832
04
#3416506833
b0000000001001010 )
14
#3417006834
04
#3417506835
b0000000001001011 )
14
#3418006836
04
#3418506837
b0000000001001100 )
14
#3419006838
04
#3419506839
b0000000001001101 )
14
#3420006840
04
#3420506841
b0000000001001110 )
14
#3421006842
04
#3421506843
b0000000001001111 )
14
#3422006844
04
#3422506845
b0000000001010000 )
14
#3423006846
04
#3423506847
b0000000001010001 )
14
#3424006848
04
#3424506849
b0000000001010010 )
14
#3425006850
04
#3425506851
b0000000001010011 )
14
#3426006852
04
#3426506853
b0000000001010100 )
14
#3427006854
04
#3427506855
b0000000001010101 )
14
#3428006856
04
#3428506857
b0000000001010110 )
14
#3429006858
04
#3429506859
b0000000001010111 )
14
#3430006860
04
#3430506861
b0000000001011000 )
14
#3431006862
04
#3431506863
b0000000001011001 )
14
#3432006864
04
#3432506865
b0000000001011010 )
14
#3433006866
04
#3433506867
b0000000001011011 )
14
#3434006868
04
#3434506869
b0000000001011100 )
14
#3435006870
04
#3435506871
b0000000001011101 )
14
#3436006872
04
#3436506873
b0000000001011110 )
14
#3437006874
04
#3437506875
b0000000001011111 )
14
#3438006876
04
#3438506877
b0000000001100000 )
14
#3439006878
04
#3439506879
b0000000001100001 )
14
#3440006880
04
#3440506881
b0000000001100010 )
14
#3441006882
04
#3441506883
b0000000001100011 )
14
#3442006884
04
#3442506885
b0000000001100100 )
14
#3443006886
04
#3443506887
b0000000000000000 )
1+
b0000001 .
10
b0000000000000001 2
13
14
18
1;
#3444006888
04
#3444506889
b0000000000000001 )
14
#3445006890
04
#3445506891
b0000000000000010 )
14
#3446006892
04
#3446506893
b0000000000000011 )
14
#3447006894
04
#3447506895
b0000000000000100 )
14
#3448006896
04
#3448506897
b0000000000000101 )
14
#3449006898
04
#3449506899
b0000000000000110 )
14
#3450006900
04
#3450506901
b0000000000000111 )
14
#3451006902
04
#3451506903
b0000000000001000 )
14
#3452006904
04
#3452506905
b0000000000001001 )
14
#3453006906
04
#3453506907
b0000000000001010 )
14
#3454006908
04
#3454506909
b0000000000001011 )
14
#3455006910
04
#3455506911
b0000000000001100 )
14
#3456006912
04
#3456506913
b0000000000001101 )
14
#3457006914
04
#3457506915
b0000000000001110 )
14
#3458006916
04
#3458506917
b0000000000001111 )
14
#3459006918
04
#3459506919
b0000000000010000 )
14
#3460006920
04
#3460506921
b0000000000010001 )
14
#3461006922
04
#3461506923
b0000000000010010 )
14
#3462006924
04
#3462506925
b0000000000010011 )
14
#3463006926
04
#3463506927
b0000000000010100 )
14
#3464006928
04
#3464506929
b0000000000010101 )
14
#3465006930
04
#3465506931
b0000000000010110 )
14
#3466006932
04
#3466506933
b0000000000010111 )
14
#3467006934
04
#3467506935
b0000000000011000 )
14
#3468006936
04
#3468506937
b0000000000011001 )
14
#3469006938
04
#3469506939
b0000000000011010 )
14
#3470006940
04
#3470506941
b0000000000011011 )
14
#3471006942
04
#3471506943
b0000000000011100 )
14
#3472006944
04
#3472506945
b0000000000011101 )
14
#3473006946
04
#3473506947
b0000000000011110 )
14
#3474006948
04
#3474506949
b0000000000011111 )
14
#3475006950
04
#3475506951
b0000000000100000 )
14
#3476006952
04
#3476506953
b0000000000100001 )
14
#3477006954
04
#3477506955
b0000000000100010 )
14
#3478006956
04
#3478506957
b0000000000100011 )
14
#3479006958
04
#3479506959
b0000000000100100 )
14
#3480006960
04
#3480506961
b0000000000100101 )
14
#3481006962
04
#3481506963
b0000000000100110 )
14
#3482006964
04
#3482506965
b0000000000100111 )
14
#3483006966
04
#3483506967
b0000000000101000 )
14
#3484006968
04
#3484506969
b0000000000101001 )
14
#3485006970
04
#3485506971
b0000000000101010 )
14
#3486006972
04
#3486506973
b0000000000101011 )
14
#3487006974
04
#3487506975
b0000000000101100 )
14
#3488006976
04
#3488506977
b0000000000101101 )
14
#3489006978
04
#3489506979
b0000000000101110 )
14
#3490006980
04
#3490506981
b0000000000101111 )
14
#3491006982
04
#3491506983
b0000000000110000 )
14
#3492006984
04
#3492506985
b0000000000110001 )
14
#3493006986
04
#3493506987
b0000000000110010 )
14
#3494006988
04
#3494506989
b0000000000110011 )
14
#3495006990
04
#3495506991
b0000000000110100 )
14
#3496006992
04
#3496506993
b0000000000110101 )
14
#3497006994
04
#3497506995
b0000000000110110 )
14
#3498006996
04
#3498506997
b0000000000110111 )
14
#3499006998
04
#3499506999
b0000000000111000 )
14
#3500007000
04
#3500507001
b0000000000111001 )
14
#3501007002
04
#3501507003
b0000000000111010 )
14
#3502007004
04
#3502507005
b0000000000111011 )
14
#3503007006
04
#3503507007
b0000000000111100 )
14
#3504007008
04
#3504507009
b0000000000111101 )
14
#3505007010
04
#3505507011
b0000000000111110 )
14
#3506007012
04
#3506507013
b0000000000111111 )
14
#3507007014
04
#3507507015
b0000000001000000 )
14
#3508007016
04
#3508507017
b0000000001000001 )
14
#3509007018
04
#3509507019
b0000000001000010 )
14
#3510007020
04
#3510507021
b0000000001000011 )
14
#3511007022
04
#3511507023
b0000000001000100 )
14
#3512007024
04
#3512507025
b0000000001000101 )
14
#3513007026
04
#3513507027
b0000000001000110 )
14
#3514007028
04
#3514507029
b0000000001000111 )
14
#3515007030
04
#3515507031
b0000000001001000 )
14
#3516007032
04
#3516507033
b0000000001001001 )
14
#3517007034
04
#3517507035
b0000000001001010 )
14
#3518007036
04
#3518507037
b0000000001001011 )
14
#3519007038
04
#3519507039
b0000000001001100 )
14
#3520007040
04
#3520507041
b0000000001001101 )
14
#3521007042
04
#3521507043
b0000000001001110 )
14
#3522007044
04
#3522507045
b0000000001001111 )
14
#3523007046
04
#3523507047
b0000000001010000 )
14
#3524007048
04
#3524507049
b0000000001010001 )
14
#3525007050
04
#3525507051
b0000000001010010 )
14
#3526007052
04
#3526507053
b0000000001010011 )
14
#3527007054
04
#3527507055
b0000000001010100 )
14
#3528007056
04
#3528507057
b0000000001010101 )
14
#3529007058
04
#3529507059
b0000000001010110 )
14
#3530007060
04
#3530507061
b0000000001010111 )
14
#3531007062
04
#3531507063
b0000000001011000 )
14
#3532007064
04
#3532507065
b0000000001011001 )
14
#3533007066
04
#3533507067
b0000000001011010 )
14
#3534007068
04
#3534507069
b0000000001011011 )
14
#3535007070
04
#3535507071
b0000000001011100 )
14
#3536007072
04
#3536507073
b0000000001011101 )
14
#3537007074
04
#3537507075
b0000000001011110 )
14
#3538007076
04
#3538507077
b0000000001011111 )
14
#3539007078
04
#3539507079
b0000000001100000 )
14
#3540007080
04
#3540507081
b0000000001100001 )
14
#3541007082
04
#3541507083
b0000000001100010 )
14
#3542007084
04
#3542507085
b0000000001100011 )
14
#3543007086
04
#3543507087
b0000000001100100 )
14
#3544007088
04
#3544507089
b0000000000000000 )
0+
14
0;
#3545007090
04
#3545507091
b0000000000000001 )
14
#3546007092
04
#3546507093
b0000000000000010 )
14
#3547007094
04
#3547507095
b0000000000000011 )
14
#3548007096
04
#3548507097
b0000000000000100 )
14
#3549007098
04
#3549507099
b0000000000000101 )
14
#3550007100
04
#3550507101
b0000000000000110 )
14
#3551007102
04
#3551507103
b0000000000000111 )
14
#3552007104
04
#3552507105
b0000000000001000 )
14
#3553007106
04
#3553507107
b0000000000001001 )
14
#3554007108
04
#3554507109
b0000000000001010 )
14
#3555007110
04
#3555507111
b0000000000001011 )
14
#3556007112
04
#3556507113
b0000000000001100 )
14
#3557007114
04
#3557507115
b0000000000001101 )
14
#3558007116
04
#3558507117
b0000000000001110 )
14
#3559007118
04
#3559507119
b0000000000001111 )
14
#3560007120
04
#3560507121
b0000000000010000 )
14
#3561007122
04
#3561507123
b0000000000010001 )
14
#3562007124
04
#3562507125
b0000000000010010 )
14
#3563007126
04
#3563507127
b0000000000010011 )
14
#3564007128
04
#3564507129
b0000000000010100 )
14
#3565007130
04
#3565507131
b0000000000010101 )
14
#3566007132
04
#3566507133
b0000000000010110 )
14
#3567007134
04
#3567507135
b0000000000010111 )
14
#3568007136
04
#3568507137
b0000000000011000 )
14
#3569007138
04
#3569507139
b0000000000011001 )
14
#3570007140
04
#3570507141
b0000000000011010 )
14
#3571007142
04
#3571507143
b0000000000011011 )
14
#3572007144
04
#3572507145
b0000000000011100 )
14
#3573007146
04
#3573507147
b0000000000011101 )
14
#3574007148
04
#3574507149
b0000000000011110 )
14
#3575007150
04
#3575507151
b0000000000011111 )
14
#3576007152
04
#3576507153
b0000000000100000 )
14
#3577007154
04
#3577507155
b0000000000100001 )
14
#3578007156
04
#3578507157
b0000000000100010 )
14
#3579007158
04
#3579507159
b0000000000100011 )
14
#3580007160
04
#3580507161
b0000000000100100 )
14
#3581007162
04
#3581507163
b0000000000100101 )
14
#3582007164
04
#3582507165
b0000000000100110 )
14
#3583007166
04
#3583507167
b0000000000100111 )
14
#3584007168
04
#3584507169
b0000000000101000 )
14
#3585007170
04
#3585507171
b0000000000101001 )
14
#3586007172
04
#3586507173
b0000000000101010 )
14
#3587007174
04
#3587507175
b0000000000101011 )
14
#3588007176
04
#3588507177
b0000000000101100 )
14
#3589007178
04
#3589507179
b0000000000101101 )
14
#3590007180
04
#3590507181
b0000000000101110 )
14
#3591007182
04
#3591507183
b0000000000101111 )
14
#3592007184
04
#3592507185
b0000000000110000 )
14
#3593007186
04
#3593507187
b0000000000110001 )
14
#3594007188
04
#3594507189
b0000000000110010 )
14
#3595007190
04
#3595507191
b1001010000000000 &
b0001010 (
b0000000000110011 )
14
0<
0?
#3596007192
04
#3596507193
b0000000000110100 )
14
#3597007194
04
#3597507195
b0000000000110101 )
14
#3598007196
04
#3598507197
b0000000000110110 )
14
#3599007198
04
#3599507199
b0000000000110111 )
14
#3600007200
04
#3600507201
b0000000000111000 )
14
#3601007202
04
#3601507203
b0000000000111001 )
14
#3602007204
04
#3602507205
b0000000000111010 )
14
#3603007206
04
#3603507207
b0000000000111011 )
14
#3604007208
04
#3604507209
b0000000000111100 )
14
#3605007210
04
#3605507211
b0000000000111101 )
14
#3606007212
04
#3606507213
b0000000000111110 )
14
#3607007214
04
#3607507215
b0000000000111111 )
14
#3608007216
04
#3608507217
b0000000001000000 )
14
#3609007218
04
#3609507219
b0000000001000001 )
14
#3610007220
04
#3610507221
b0000000001000010 )
14
#3611007222
04
#3611507223
b0000000001000011 )
14
#3612007224
04
#3612507225
b0000000001000100 )
14
#3613007226
04
#3613507227
b0000000001000101 )
14
#3614007228
04
#3614507229
b0000000001000110 )
14
#3615007230
04
#3615507231
b0000000001000111 )
14
#3616007232
04
#3616507233
b0000000001001000 )
14
#3617007234
04
#3617507235
b0000000001001001 )
14
#3618007236
04
#3618507237
b0000000001001010 )
14
#3619007238
04
#3619507239
b0000000001001011 )
14
#3620007240
04
#3620507241
b0000000001001100 )
14
#3621007242
04
#3621507243
b0000000001001101 )
14
#3622007244
04
#3622507245
b0000000001001110 )
14
#3623007246
04
#3623507247
b0000000001001111 )
14
#3624007248
04
#3624507249
b0000000001010000 )
14
#3625007250
04
#3625507251
b0000000001010001 )
14
#3626007252
04
#3626507253
b0000000001010010 )
14
#3627007254
04
#3627507255
b0000000001010011 )
14
#3628007256
04
#3628507257
b0000000001010100 )
14
#3629007258
04
#3629507259
b0000000001010101 )
14
#3630007260
04
#3630507261
b0000000001010110 )
14
#3631007262
04
#3631507263
b0000000001010111 )
14
#3632007264
04
#3632507265
b0000000001011000 )
14
#3633007266
04
#3633507267
b0000000001011001 )
14
#3634007268
04
#3634507269
b0000000001011010 )
14
#3635007270
04
#3635507271
b0000000001011011 )
14
#3636007272
04
#3636507273
b0000000001011100 )
14
#3637007274
04
#3637507275
b0000000001011101 )
14
#3638007276
04
#3638507277
b0000000001011110 )
14
#3639007278
04
#3639507279
b0000000001011111 )
14
#3640007280
04
#3640507281
b0000000001100000 )
14
#3641007282
04
#3641507283
b0000000001100001 )
14
#3642007284
04
#3642507285
b0000000001100010 )
14
#3643007286
04
#3643507287
b0000000001100011 )
14
#3644007288
04
#3644507289
b0000000001100100 )
14
#3645007290
04
#3645507291
b0000000000000000 )
1+
b0000010 .
b0000000000000010 2
03
14
08
1;
#3646007292
04
#3646507293
b0000000000000001 )
14
#3647007294
04
#3647507295
b0000000000000010 )
14
#3648007296
04
#3648507297
b0000000000000011 )
14
#3649007298
04
#3649507299
b0000000000000100 )
14
#3650007300
04
#3650507301
b0000000000000101 )
14
#3651007302
04
#3651507303
b0000000000000110 )
14
#3652007304
04
#3652507305
b0000000000000111 )
14
#3653007306
04
#3653507307
b0000000000001000 )
14
#3654007308
04
#3654507309
b0000000000001001 )
14
#3655007310
04
#3655507311
b0000000000001010 )
14
#3656007312
04
#3656507313
b0000000000001011 )
14
#3657007314
04
#3657507315
b0000000000001100 )
14
#3658007316
04
#3658507317
b0000000000001101 )
14
#3659007318
04
#3659507319
b0000000000001110 )
14
#3660007320
04
#3660507321
b0000000000001111 )
14
#3661007322
04
#3661507323
b0000000000010000 )
14
#3662007324
04
#3662507325
b0000000000010001 )
14
#3663007326
04
#3663507327
b0000000000010010 )
14
#3664007328
04
#3664507329
b0000000000010011 )
14
#3665007330
04
#3665507331
b0000000000010100 )
14
#3666007332
04
#3666507333
b0000000000010101 )
14
#3667007334
04
#3667507335
b0000000000010110 )
14
#3668007336
04
#3668507337
b0000000000010111 )
14
#3669007338
04
#3669507339
b0000000000011000 )
14
#3670007340
04
#3670507341
b0000000000011001 )
14
#3671007342
04
#3671507343
b0000000000011010 )
14
#3672007344
04
#3672507345
b0000000000011011 )
14
#3673007346
04
#3673507347
b0000000000011100 )
14
#3674007348
04
#3674507349
b0000000000011101 )
14
#3675007350
04
#3675507351
b0000000000011110 )
14
#3676007352
04
#3676507353
b0000000000011111 )
14
#3677007354
04
#3677507355
b0000000000100000 )
14
#3678007356
04
#3678507357
b0000000000100001 )
14
#3679007358
04
#3679507359
b0000000000100010 )
14
#3680007360
04
#3680507361
b0000000000100011 )
14
#3681007362
04
#3681507363
b0000000000100100 )
14
#3682007364
04
#3682507365
b0000000000100101 )
14
#3683007366
04
#3683507367
b0000000000100110 )
14
#3684007368
04
#3684507369
b0000000000100111 )
14
#3685007370
04
#3685507371
b0000000000101000 )
14
#3686007372
04
#3686507373
b0000000000101001 )
14
#3687007374
04
#3687507375
b0000000000101010 )
14
#3688007376
04
#3688507377
b0000000000101011 )
14
#3689007378
04
#3689507379
b0000000000101100 )
14
#3690007380
04
#3690507381
b0000000000101101 )
14
#3691007382
04
#3691507383
b0000000000101110 )
14
#3692007384
04
#3692507385
b0000000000101111 )
14
#3693007386
04
#3693507387
b0000000000110000 )
14
#3694007388
04
#3694507389
b0000000000110001 )
14
#3695007390
04
#3695507391
b0000000000110010 )
14
#3696007392
04
#3696507393
b0000000000110011 )
14
#3697007394
04
#3697507395
b0000000000110100 )
14
#3698007396
04
#3698507397
b0000000000110101 )
14
#3699007398
04
#3699507399
b0000000000110110 )
14
#3700007400
04
#3700507401
b0000000000110111 )
14
#3701007402
04
#3701507403
b0000000000111000 )
14
#3702007404
04
#3702507405
b0000000000111001 )
14
#3703007406
04
#3703507407
b0000000000111010 )
14
#3704007408
04
#3704507409
b0000000000111011 )
14
#3705007410
04
#3705507411
b0000000000111100 )
14
#3706007412
04
#3706507413
b0000000000111101 )
14
#3707007414
04
#3707507415
b0000000000111110 )
14
#3708007416
04
#3708507417
b0000000000111111 )
14
#3709007418
04
#3709507419
b0000000001000000 )
14
#3710007420
04
#3710507421
b0000000001000001 )
14
#3711007422
04
#3711507423
b0000000001000010 )
14
#3712007424
04
#3712507425
b0000000001000011 )
14
#3713007426
04
#3713507427
b0000000001000100 )
14
#3714007428
04
#3714507429
b0000000001000101 )
14
#3715007430
04
#3715507431
b0000000001000110 )
14
#3716007432
04
#3716507433
b0000000001000111 )
14
#3717007434
04
#3717507435
b0000000001001000 )
14
#3718007436
04
#3718507437
b0000000001001001 )
14
#3719007438
04
#3719507439
b0000000001001010 )
14
#3720007440
04
#3720507441
b0000000001001011 )
14
#3721007442
04
#3721507443
b0000000001001100 )
14
#3722007444
04
#3722507445
b0000000001001101 )
14
#3723007446
04
#3723507447
b0000000001001110 )
14
#3724007448
04
#3724507449
b0000000001001111 )
14
#3725007450
04
#3725507451
b0000000001010000 )
14
#3726007452
04
#3726507453
b0000000001010001 )
14
#3727007454
04
#3727507455
b0000000001010010 )
14
#3728007456
04
#3728507457
b0000000001010011 )
14
#3729007458
04
#3729507459
b0000000001010100 )
14
#3730007460
04
#3730507461
b0000000001010101 )
14
#3731007462
04
#3731507463
b0000000001010110 )
14
#3732007464
04
#3732507465
b0000000001010111 )
14
#3733007466
04
#3733507467
b0000000001011000 )
14
#3734007468
04
#3734507469
b0000000001011001 )
14
#3735007470
04
#3735507471
b0000000001011010 )
14
#3736007472
04
#3736507473
b0000000001011011 )
14
#3737007474
04
#3737507475
b0000000001011100 )
14
#3738007476
04
#3738507477
b0000000001011101 )
14
#3739007478
04
#3739507479
b0000000001011110 )
14
#3740007480
04
#3740507481
b0000000001011111 )
14
#3741007482
04
#3741507483
b0000000001100000 )
14
#3742007484
04
#3742507485
b0000000001100001 )
14
#3743007486
04
#3743507487
b0000000001100010 )
14
#3744007488
04
#3744507489
b0000000001100011 )
14
#3745007490
04
#3745507491
b0000000001100100 )
14
#3746007492
04
#3746507493
b0000000000000000 )
0+
14
0;
#3747007494
04
#3747507495
b0000000000000001 )
14
#3748007496
04
#3748507497
b0000000000000010 )
14
#3749007498
04
#3749507499
b0000000000000011 )
14
#3750007500
04
#3750507501
b0000000000000100 )
14
#3751007502
04
#3751507503
b0000000000000101 )
14
#3752007504
04
#3752507505
b0000000000000110 )
14
#3753007506
04
#3753507507
b0000000000000111 )
14
#3754007508
04
#3754507509
b0000000000001000 )
14
#3755007510
04
#3755507511
b0000000000001001 )
14
#3756007512
04
#3756507513
b0000000000001010 )
14
#3757007514
04
#3757507515
b0000000000001011 )
14
#3758007516
04
#3758507517
b0000000000001100 )
14
#3759007518
04
#3759507519
b0000000000001101 )
14
#3760007520
04
#3760507521
b0000000000001110 )
14
#3761007522
04
#3761507523
b0000000000001111 )
14
#3762007524
04
#3762507525
b0000000000010000 )
14
#3763007526
04
#3763507527
b0000000000010001 )
14
#3764007528
04
#3764507529
b0000000000010010 )
14
#3765007530
04
#3765507531
b0000000000010011 )
14
#3766007532
04
#3766507533
b0000000000010100 )
14
#3767007534
04
#3767507535
b0000000000010101 )
14
#3768007536
04
#3768507537
b0000000000010110 )
14
#3769007538
04
#3769507539
b0000000000010111 )
14
#3770007540
04
#3770507541
b0000000000011000 )
14
#3771007542
04
#3771507543
b0000000000011001 )
14
#3772007544
04
#3772507545
b0000000000011010 )
14
#3773007546
04
#3773507547
b0000000000011011 )
14
#3774007548
04
#3774507549
b0000000000011100 )
14
#3775007550
04
#3775507551
b0000000000011101 )
14
#3776007552
04
#3776507553
b0000000000011110 )
14
#3777007554
04
#3777507555
b0000000000011111 )
14
#3778007556
04
#3778507557
b0000000000100000 )
14
#3779007558
04
#3779507559
b0000000000100001 )
14
#3780007560
04
#3780507561
b0000000000100010 )
14
#3781007562
04
#3781507563
b0000000000100011 )
14
#3782007564
04
#3782507565
b0000000000100100 )
14
#3783007566
04
#3783507567
b0000000000100101 )
14
#3784007568
04
#3784507569
b0000000000100110 )
14
#3785007570
04
#3785507571
b0000000000100111 )
14
#3786007572
04
#3786507573
b0000000000101000 )
14
#3787007574
04
#3787507575
b0000000000101001 )
14
#3788007576
04
#3788507577
b0000000000101010 )
14
#3789007578
04
#3789507579
b0000000000101011 )
14
#3790007580
04
#3790507581
b0000000000101100 )
14
#3791007582
04
#3791507583
b0000000000101101 )
14
#3792007584
04
#3792507585
b0000000000101110 )
14
#3793007586
04
#3793507587
b0000000000101111 )
14
#3794007588
04
#3794507589
b0000000000110000 )
14
#3795007590
04
#3795507591
b0000000000110001 )
14
#3796007592
04
#3796507593
b0000000000110010 )
14
#3797007594
04
#3797507595
b0010100000000000 &
b0001011 (
b0000000000110011 )
14
1<
1?
#3798007596
04
#3798507597
b0000000000110100 )
14
#3799007598
04
#3799507599
b0000000000110101 )
14
#3800007600
04
#3800507601
b0000000000110110 )
14
#3801007602
04
#3801507603
b0000000000110111 )
14
#3802007604
04
#3802507605
b0000000000111000 )
14
#3803007606
04
#3803507607
b0000000000111001 )
14
#3804007608
04
#3804507609
b0000000000111010 )
14
#3805007610
04
#3805507611
b0000000000111011 )
14
#3806007612
04
#3806507613
b0000000000111100 )
14
#3807007614
04
#3807507615
b0000000000111101 )
14
#3808007616
04
#3808507617
b0000000000111110 )
14
#3809007618
04
#3809507619
b0000000000111111 )
14
#3810007620
04
#3810507621
b0000000001000000 )
14
#3811007622
04
#3811507623
b0000000001000001 )
14
#3812007624
04
#3812507625
b0000000001000010 )
14
#3813007626
04
#3813507627
b0000000001000011 )
14
#3814007628
04
#3814507629
b0000000001000100 )
14
#3815007630
04
#3815507631
b0000000001000101 )
14
#3816007632
04
#3816507633
b0000000001000110 )
14
#3817007634
04
#3817507635
b0000000001000111 )
14
#3818007636
04
#3818507637
b0000000001001000 )
14
#3819007638
04
#3819507639
b0000000001001001 )
14
#3820007640
04
#3820507641
b0000000001001010 )
14
#3821007642
04
#3821507643
b0000000001001011 )
14
#3822007644
04
#3822507645
b0000000001001100 )
14
#3823007646
04
#3823507647
b0000000001001101 )
14
#3824007648
04
#3824507649
b0000000001001110 )
14
#3825007650
04
#3825507651
b0000000001001111 )
14
#3826007652
04
#3826507653
b0000000001010000 )
14
#3827007654
04
#3827507655
b0000000001010001 )
14
#3828007656
04
#3828507657
b0000000001010010 )
14
#3829007658
04
#3829507659
b0000000001010011 )
14
#3830007660
04
#3830507661
b0000000001010100 )
14
#3831007662
04
#3831507663
b0000000001010101 )
14
#3832007664
04
#3832507665
b0000000001010110 )
14
#3833007666
04
#3833507667
b0000000001010111 )
14
#3834007668
04
#3834507669
b0000000001011000 )
14
#3835007670
04
#3835507671
b0000000001011001 )
14
#3836007672
04
#3836507673
b0000000001011010 )
14
#3837007674
04
#3837507675
b0000000001011011 )
14
#3838007676
04
#3838507677
b0000000001011100 )
14
#3839007678
04
#3839507679
b0000000001011101 )
14
#3840007680
04
#3840507681
b0000000001011110 )
14
#3841007682
04
#3841507683
b0000000001011111 )
14
#3842007684
04
#3842507685
b0000000001100000 )
14
#3843007686
04
#3843507687
b0000000001100001 )
14
#3844007688
04
#3844507689
b0000000001100010 )
14
#3845007690
04
#3845507691
b0000000001100011 )
14
#3846007692
04
#3846507693
b0000000001100100 )
14
#3847007694
04
#3847507695
b0000000000000000 )
1+
b0000011 .
b0000000000000101 2
14
1;
#3848007696
04
#3848507697
b0000000000000001 )
14
#3849007698
04
#3849507699
b0000000000000010 )
14
#3850007700
04
#3850507701
b0000000000000011 )
14
#3851007702
04
#3851507703
b0000000000000100 )
14
#3852007704
04
#3852507705
b0000000000000101 )
14
#3853007706
04
#3853507707
b0000000000000110 )
14
#3854007708
04
#3854507709
b0000000000000111 )
14
#3855007710
04
#3855507711
b0000000000001000 )
14
#3856007712
04
#3856507713
b0000000000001001 )
14
#3857007714
04
#3857507715
b0000000000001010 )
14
#3858007716
04
#3858507717
b0000000000001011 )
14
#3859007718
04
#3859507719
b0000000000001100 )
14
#3860007720
04
#3860507721
b0000000000001101 )
14
#3861007722
04
#3861507723
b0000000000001110 )
14
#3862007724
04
#3862507725
b0000000000001111 )
14
#3863007726
04
#3863507727
b0000000000010000 )
14
#3864007728
04
#3864507729
b0000000000010001 )
14
#3865007730
04
#3865507731
b0000000000010010 )
14
#3866007732
04
#3866507733
b0000000000010011 )
14
#3867007734
04
#3867507735
b0000000000010100 )
14
#3868007736
04
#3868507737
b0000000000010101 )
14
#3869007738
04
#3869507739
b0000000000010110 )
14
#3870007740
04
#3870507741
b0000000000010111 )
14
#3871007742
04
#3871507743
b0000000000011000 )
14
#3872007744
04
#3872507745
b0000000000011001 )
14
#3873007746
04
#3873507747
b0000000000011010 )
14
#3874007748
04
#3874507749
b0000000000011011 )
14
#3875007750
04
#3875507751
b0000000000011100 )
14
#3876007752
04
#3876507753
b0000000000011101 )
14
#3877007754
04
#3877507755
b0000000000011110 )
14
#3878007756
04
#3878507757
b0000000000011111 )
14
#3879007758
04
#3879507759
b0000000000100000 )
14
#3880007760
04
#3880507761
b0000000000100001 )
14
#3881007762
04
#3881507763
b0000000000100010 )
14
#3882007764
04
#3882507765
b0000000000100011 )
14
#3883007766
04
#3883507767
b0000000000100100 )
14
#3884007768
04
#3884507769
b0000000000100101 )
14
#3885007770
04
#3885507771
b0000000000100110 )
14
#3886007772
04
#3886507773
b0000000000100111 )
14
#3887007774
04
#3887507775
b0000000000101000 )
14
#3888007776
04
#3888507777
b0000000000101001 )
14
#3889007778
04
#3889507779
b0000000000101010 )
14
#3890007780
04
#3890507781
b0000000000101011 )
14
#3891007782
04
#3891507783
b0000000000101100 )
14
#3892007784
04
#3892507785
b0000000000101101 )
14
#3893007786
04
#3893507787
b0000000000101110 )
14
#3894007788
04
#3894507789
b0000000000101111 )
14
#3895007790
04
#3895507791
b0000000000110000 )
14
#3896007792
04
#3896507793
b0000000000110001 )
14
#3897007794
04
#3897507795
b0000000000110010 )
14
#3898007796
04
#3898507797
b0000000000110011 )
14
#3899007798
04
#3899507799
b0000000000110100 )
14
#3900007800
04
#3900507801
b0000000000110101 )
14
#3901007802
04
#3901507803
b0000000000110110 )
14
#3902007804
04
#3902507805
b0000000000110111 )
14
#3903007806
04
#3903507807
b0000000000111000 )
14
#3904007808
04
#3904507809
b0000000000111001 )
14
#3905007810
04
#3905507811
b0000000000111010 )
14
#3906007812
04
#3906507813
b0000000000111011 )
14
#3907007814
04
#3907507815
b0000000000111100 )
14
#3908007816
04
#3908507817
b0000000000111101 )
14
#3909007818
04
#3909507819
b0000000000111110 )
14
#3910007820
04
#3910507821
b0000000000111111 )
14
#3911007822
04
#3911507823
b0000000001000000 )
14
#3912007824
04
#3912507825
b0000000001000001 )
14
#3913007826
04
#3913507827
b0000000001000010 )
14
#3914007828
04
#3914507829
b0000000001000011 )
14
#3915007830
04
#3915507831
b0000000001000100 )
14
#3916007832
04
#3916507833
b0000000001000101 )
14
#3917007834
04
#3917507835
b0000000001000110 )
14
#3918007836
04
#3918507837
b0000000001000111 )
14
#3919007838
04
#3919507839
b0000000001001000 )
14
#3920007840
04
#3920507841
b0000000001001001 )
14
#3921007842
04
#3921507843
b0000000001001010 )
14
#3922007844
04
#3922507845
b0000000001001011 )
14
#3923007846
04
#3923507847
b0000000001001100 )
14
#3924007848
04
#3924507849
b0000000001001101 )
14
#3925007850
04
#3925507851
b0000000001001110 )
14
#3926007852
04
#3926507853
b0000000001001111 )
14
#3927007854
04
#3927507855
b0000000001010000 )
14
#3928007856
04
#3928507857
b0000000001010001 )
14
#3929007858
04
#3929507859
b0000000001010010 )
14
#3930007860
04
#3930507861
b0000000001010011 )
14
#3931007862
04
#3931507863
b0000000001010100 )
14
#3932007864
04
#3932507865
b0000000001010101 )
14
#3933007866
04
#3933507867
b0000000001010110 )
14
#3934007868
04
#3934507869
b0000000001010111 )
14
#3935007870
04
#3935507871
b0000000001011000 )
14
#3936007872
04
#3936507873
b0000000001011001 )
14
#3937007874
04
#3937507875
b0000000001011010 )
14
#3938007876
04
#3938507877
b0000000001011011 )
14
#3939007878
04
#3939507879
b0000000001011100 )
14
#3940007880
04
#3940507881
b0000000001011101 )
14
#3941007882
04
#3941507883
b0000000001011110 )
14
#3942007884
04
#3942507885
b0000000001011111 )
14
#3943007886
04
#3943507887
b0000000001100000 )
14
#3944007888
04
#3944507889
b0000000001100001 )
14
#3945007890
04
#3945507891
b0000000001100010 )
14
#3946007892
04
#3946507893
b0000000001100011 )
14
#3947007894
04
#3947507895
b0000000001100100 )
14
#3948007896
04
#3948507897
b0000000000000000 )
0+
14
0;
#3949007898
04
#3949507899
b0000000000000001 )
14
#3950007900
04
#3950507901
b0000000000000010 )
14
#3951007902
04
#3951507903
b0000000000000011 )
14
#3952007904
04
#3952507905
b0000000000000100 )
14
#3953007906
04
#3953507907
b0000000000000101 )
14
#3954007908
04
#3954507909
b0000000000000110 )
14
#3955007910
04
#3955507911
b0000000000000111 )
14
#3956007912
04
#3956507913
b0000000000001000 )
14
#3957007914
04
#3957507915
b0000000000001001 )
14
#3958007916
04
#3958507917
b0000000000001010 )
14
#3959007918
04
#3959507919
b0000000000001011 )
14
#3960007920
04
#3960507921
b0000000000001100 )
14
#3961007922
04
#3961507923
b0000000000001101 )
14
#3962007924
04
#3962507925
b0000000000001110 )
14
#3963007926
04
#3963507927
b0000000000001111 )
14
#3964007928
04
#3964507929
b0000000000010000 )
14
#3965007930
04
#3965507931
b0000000000010001 )
14
#3966007932
04
#3966507933
b0000000000010010 )
14
#3967007934
04
#3967507935
b0000000000010011 )
14
#3968007936
04
#3968507937
b0000000000010100 )
14
#3969007938
04
#3969507939
b0000000000010101 )
14
#3970007940
04
#3970507941
b0000000000010110 )
14
#3971007942
04
#3971507943
b0000000000010111 )
14
#3972007944
04
#3972507945
b0000000000011000 )
14
#3973007946
04
#3973507947
b0000000000011001 )
14
#3974007948
04
#3974507949
b0000000000011010 )
14
#3975007950
04
#3975507951
b0000000000011011 )
14
#3976007952
04
#3976507953
b0000000000011100 )
14
#3977007954
04
#3977507955
b0000000000011101 )
14
#3978007956
04
#3978507957
b0000000000011110 )
14
#3979007958
04
#3979507959
b0000000000011111 )
14
#3980007960
04
#3980507961
b0000000000100000 )
14
#3981007962
04
#3981507963
b0000000000100001 )
14
#3982007964
04
#3982507965
b0000000000100010 )
14
#3983007966
04
#3983507967
b0000000000100011 )
14
#3984007968
04
#3984507969
b0000000000100100 )
14
#3985007970
04
#3985507971
b0000000000100101 )
14
#3986007972
04
#3986507973
b0000000000100110 )
14
#3987007974
04
#3987507975
b0000000000100111 )
14
#3988007976
04
#3988507977
b0000000000101000 )
14
#3989007978
04
#3989507979
b0000000000101001 )
14
#3990007980
04
#3990507981
b0000000000101010 )
14
#3991007982
04
#3991507983
b0000000000101011 )
14
#3992007984
04
#3992507985
b0000000000101100 )
14
#3993007986
04
#3993507987
b0000000000101101 )
14
#3994007988
04
#3994507989
b0000000000101110 )
14
#3995007990
04
#3995507991
b0000000000101111 )
14
#3996007992
04
#3996507993
b0000000000110000 )
14
#3997007994
04
#3997507995
b0000000000110001 )
14
#3998007996
04
#3998507997
b0000000000110010 )
14
#3999007998
04
#3999507999
b0101000000000000 &
b0001100 (
b0000000000110011 )
14
0<
0?
#4000008000
04
#4000508001
b0000000000110100 )
14
#4001008002
04
#4001508003
b0000000000110101 )
14
#4002008004
04
#4002508005
b0000000000110110 )
14
#4003008006
04
#4003508007
b0000000000110111 )
14
#4004008008
04
#4004508009
b0000000000111000 )
14
#4005008010
04
#4005508011
b0000000000111001 )
14
#4006008012
04
#4006508013
b0000000000111010 )
14
#4007008014
04
#4007508015
b0000000000111011 )
14
#4008008016
04
#4008508017
b0000000000111100 )
14
#4009008018
04
#4009508019
b0000000000111101 )
14
#4010008020
04
#4010508021
b0000000000111110 )
14
#4011008022
04
#4011508023
b0000000000111111 )
14
#4012008024
04
#4012508025
b0000000001000000 )
14
#4013008026
04
#4013508027
b0000000001000001 )
14
#4014008028
04
#4014508029
b0000000001000010 )
14
#4015008030
04
#4015508031
b0000000001000011 )
14
#4016008032
04
#4016508033
b0000000001000100 )
14
#4017008034
04
#4017508035
b0000000001000101 )
14
#4018008036
04
#4018508037
b0000000001000110 )
14
#4019008038
04
#4019508039
b0000000001000111 )
14
#4020008040
04
#4020508041
b0000000001001000 )
14
#4021008042
04
#4021508043
b0000000001001001 )
14
#4022008044
04
#4022508045
b0000000001001010 )
14
#4023008046
04
#4023508047
b0000000001001011 )
14
#4024008048
04
#4024508049
b0000000001001100 )
14
#4025008050
04
#4025508051
b0000000001001101 )
14
#4026008052
04
#4026508053
b0000000001001110 )
14
#4027008054
04
#4027508055
b0000000001001111 )
14
#4028008056
04
#4028508057
b0000000001010000 )
14
#4029008058
04
#4029508059
b0000000001010001 )
14
#4030008060
04
#4030508061
b0000000001010010 )
14
#4031008062
04
#4031508063
b0000000001010011 )
14
#4032008064
04
#4032508065
b0000000001010100 )
14
#4033008066
04
#4033508067
b0000000001010101 )
14
#4034008068
04
#4034508069
b0000000001010110 )
14
#4035008070
04
#4035508071
b0000000001010111 )
14
#4036008072
04
#4036508073
b0000000001011000 )
14
#4037008074
04
#4037508075
b0000000001011001 )
14
#4038008076
04
#4038508077
b0000000001011010 )
14
#4039008078
04
#4039508079
b0000000001011011 )
14
#4040008080
04
#4040508081
b0000000001011100 )
14
#4041008082
04
#4041508083
b0000000001011101 )
14
#4042008084
04
#4042508085
b0000000001011110 )
14
#4043008086
04
#4043508087
b0000000001011111 )
14
#4044008088
04
#4044508089
b0000000001100000 )
14
#4045008090
04
#4045508091
b0000000001100001 )
14
#4046008092
04
#4046508093
b0000000001100010 )
14
#4047008094
04
#4047508095
b0000000001100011 )
14
#4048008096
04
#4048508097
b0000000001100100 )
14
#4049008098
04
#4049508099
b0000000000000000 )
1+
b0000100 .
b0000000000001010 2
14
1;
#4050008100
04
#4050508101
b0000000000000001 )
14
#4051008102
04
#4051508103
b0000000000000010 )
14
#4052008104
04
#4052508105
b0000000000000011 )
14
#4053008106
04
#4053508107
b0000000000000100 )
14
#4054008108
04
#4054508109
b0000000000000101 )
14
#4055008110
04
#4055508111
b0000000000000110 )
14
#4056008112
04
#4056508113
b0000000000000111 )
14
#4057008114
04
#4057508115
b0000000000001000 )
14
#4058008116
04
#4058508117
b0000000000001001 )
14
#4059008118
04
#4059508119
b0000000000001010 )
14
#4060008120
04
#4060508121
b0000000000001011 )
14
#4061008122
04
#4061508123
b0000000000001100 )
14
#4062008124
04
#4062508125
b0000000000001101 )
14
#4063008126
04
#4063508127
b0000000000001110 )
14
#4064008128
04
#4064508129
b0000000000001111 )
14
#4065008130
04
#4065508131
b0000000000010000 )
14
#4066008132
04
#4066508133
b0000000000010001 )
14
#4067008134
04
#4067508135
b0000000000010010 )
14
#4068008136
04
#4068508137
b0000000000010011 )
14
#4069008138
04
#4069508139
b0000000000010100 )
14
#4070008140
04
#4070508141
b0000000000010101 )
14
#4071008142
04
#4071508143
b0000000000010110 )
14
#4072008144
04
#4072508145
b0000000000010111 )
14
#4073008146
04
#4073508147
b0000000000011000 )
14
#4074008148
04
#4074508149
b0000000000011001 )
14
#4075008150
04
#4075508151
b0000000000011010 )
14
#4076008152
04
#4076508153
b0000000000011011 )
14
#4077008154
04
#4077508155
b0000000000011100 )
14
#4078008156
04
#4078508157
b0000000000011101 )
14
#4079008158
04
#4079508159
b0000000000011110 )
14
#4080008160
04
#4080508161
b0000000000011111 )
14
#4081008162
04
#4081508163
b0000000000100000 )
14
#4082008164
04
#4082508165
b0000000000100001 )
14
#4083008166
04
#4083508167
b0000000000100010 )
14
#4084008168
04
#4084508169
b0000000000100011 )
14
#4085008170
04
#4085508171
b0000000000100100 )
14
#4086008172
04
#4086508173
b0000000000100101 )
14
#4087008174
04
#4087508175
b0000000000100110 )
14
#4088008176
04
#4088508177
b0000000000100111 )
14
#4089008178
04
#4089508179
b0000000000101000 )
14
#4090008180
04
#4090508181
b0000000000101001 )
14
#4091008182
04
#4091508183
b0000000000101010 )
14
#4092008184
04
#4092508185
b0000000000101011 )
14
#4093008186
04
#4093508187
b0000000000101100 )
14
#4094008188
04
#4094508189
b0000000000101101 )
14
#4095008190
04
#4095508191
b0000000000101110 )
14
#4096008192
04
#4096508193
b0000000000101111 )
14
#4097008194
04
#4097508195
b0000000000110000 )
14
#4098008196
04
#4098508197
b0000000000110001 )
14
#4099008198
04
#4099508199
b0000000000110010 )
14
#4100008200
04
#4100508201
b0000000000110011 )
14
#4101008202
04
#4101508203
b0000000000110100 )
14
#4102008204
04
#4102508205
b0000000000110101 )
14
#4103008206
04
#4103508207
b0000000000110110 )
14
#4104008208
04
#4104508209
b0000000000110111 )
14
#4105008210
04
#4105508211
b0000000000111000 )
14
#4106008212
04
#4106508213
b0000000000111001 )
14
#4107008214
04
#4107508215
b0000000000111010 )
14
#4108008216
04
#4108508217
b0000000000111011 )
14
#4109008218
04
#4109508219
b0000000000111100 )
14
#4110008220
04
#4110508221
b0000000000111101 )
14
#4111008222
04
#4111508223
b0000000000111110 )
14
#4112008224
04
#4112508225
b0000000000111111 )
14
#4113008226
04
#4113508227
b0000000001000000 )
14
#4114008228
04
#4114508229
b0000000001000001 )
14
#4115008230
04
#4115508231
b0000000001000010 )
14
#4116008232
04
#4116508233
b0000000001000011 )
14
#4117008234
04
#4117508235
b0000000001000100 )
14
#4118008236
04
#4118508237
b0000000001000101 )
14
#4119008238
04
#4119508239
b0000000001000110 )
14
#4120008240
04
#4120508241
b0000000001000111 )
14
#4121008242
04
#4121508243
b0000000001001000 )
14
#4122008244
04
#4122508245
b0000000001001001 )
14
#4123008246
04
#4123508247
b0000000001001010 )
14
#4124008248
04
#4124508249
b0000000001001011 )
14
#4125008250
04
#4125508251
b0000000001001100 )
14
#4126008252
04
#4126508253
b0000000001001101 )
14
#4127008254
04
#4127508255
b0000000001001110 )
14
#4128008256
04
#4128508257
b0000000001001111 )
14
#4129008258
04
#4129508259
b0000000001010000 )
14
#4130008260
04
#4130508261
b0000000001010001 )
14
#4131008262
04
#4131508263
b0000000001010010 )
14
#4132008264
04
#4132508265
b0000000001010011 )
14
#4133008266
04
#4133508267
b0000000001010100 )
14
#4134008268
04
#4134508269
b0000000001010101 )
14
#4135008270
04
#4135508271
b0000000001010110 )
14
#4136008272
04
#4136508273
b0000000001010111 )
14
#4137008274
04
#4137508275
b0000000001011000 )
14
#4138008276
04
#4138508277
b0000000001011001 )
14
#4139008278
04
#4139508279
b0000000001011010 )
14
#4140008280
04
#4140508281
b0000000001011011 )
14
#4141008282
04
#4141508283
b0000000001011100 )
14
#4142008284
04
#4142508285
b0000000001011101 )
14
#4143008286
04
#4143508287
b0000000001011110 )
14
#4144008288
04
#4144508289
b0000000001011111 )
14
#4145008290
04
#4145508291
b0000000001100000 )
14
#4146008292
04
#4146508293
b0000000001100001 )
14
#4147008294
04
#4147508295
b0000000001100010 )
14
#4148008296
04
#4148508297
b0000000001100011 )
14
#4149008298
04
#4149508299
b0000000001100100 )
14
#4150008300
04
#4150508301
b0000000000000000 )
0+
14
0;
#4151008302
04
#4151508303
b0000000000000001 )
14
#4152008304
04
#4152508305
b0000000000000010 )
14
#4153008306
04
#4153508307
b0000000000000011 )
14
#4154008308
04
#4154508309
b0000000000000100 )
14
#4155008310
04
#4155508311
b0000000000000101 )
14
#4156008312
04
#4156508313
b0000000000000110 )
14
#4157008314
04
#4157508315
b0000000000000111 )
14
#4158008316
04
#4158508317
b0000000000001000 )
14
#4159008318
04
#4159508319
b0000000000001001 )
14
#4160008320
04
#4160508321
b0000000000001010 )
14
#4161008322
04
#4161508323
b0000000000001011 )
14
#4162008324
04
#4162508325
b0000000000001100 )
14
#4163008326
04
#4163508327
b0000000000001101 )
14
#4164008328
04
#4164508329
b0000000000001110 )
14
#4165008330
04
#4165508331
b0000000000001111 )
14
#4166008332
04
#4166508333
b0000000000010000 )
14
#4167008334
04
#4167508335
b0000000000010001 )
14
#4168008336
04
#4168508337
b0000000000010010 )
14
#4169008338
04
#4169508339
b0000000000010011 )
14
#4170008340
04
#4170508341
b0000000000010100 )
14
#4171008342
04
#4171508343
b0000000000010101 )
14
#4172008344
04
#4172508345
b0000000000010110 )
14
#4173008346
04
#4173508347
b0000000000010111 )
14
#4174008348
04
#4174508349
b0000000000011000 )
14
#4175008350
04
#4175508351
b0000000000011001 )
14
#4176008352
04
#4176508353
b0000000000011010 )
14
#4177008354
04
#4177508355
b0000000000011011 )
14
#4178008356
04
#4178508357
b0000000000011100 )
14
#4179008358
04
#4179508359
b0000000000011101 )
14
#4180008360
04
#4180508361
b0000000000011110 )
14
#4181008362
04
#4181508363
b0000000000011111 )
14
#4182008364
04
#4182508365
b0000000000100000 )
14
#4183008366
04
#4183508367
b0000000000100001 )
14
#4184008368
04
#4184508369
b0000000000100010 )
14
#4185008370
04
#4185508371
b0000000000100011 )
14
#4186008372
04
#4186508373
b0000000000100100 )
14
#4187008374
04
#4187508375
b0000000000100101 )
14
#4188008376
04
#4188508377
b0000000000100110 )
14
#4189008378
04
#4189508379
b0000000000100111 )
14
#4190008380
04
#4190508381
b0000000000101000 )
14
#4191008382
04
#4191508383
b0000000000101001 )
14
#4192008384
04
#4192508385
b0000000000101010 )
14
#4193008386
04
#4193508387
b0000000000101011 )
14
#4194008388
04
#4194508389
b0000000000101100 )
14
#4195008390
04
#4195508391
b0000000000101101 )
14
#4196008392
04
#4196508393
b0000000000101110 )
14
#4197008394
04
#4197508395
b0000000000101111 )
14
#4198008396
04
#4198508397
b0000000000110000 )
14
#4199008398
04
#4199508399
b0000000000110001 )
14
#4200008400
04
#4200508401
b0000000000110010 )
14
#4201008402
04
#4201508403
b1010000000000000 &
b0001101 (
b0000000000110011 )
14
#4202008404
04
#4202508405
b0000000000110100 )
14
#4203008406
04
#4203508407
b0000000000110101 )
14
#4204008408
04
#4204508409
b0000000000110110 )
14
#4205008410
04
#4205508411
b0000000000110111 )
14
#4206008412
04
#4206508413
b0000000000111000 )
14
#4207008414
04
#4207508415
b0000000000111001 )
14
#4208008416
04
#4208508417
b0000000000111010 )
14
#4209008418
04
#4209508419
b0000000000111011 )
14
#4210008420
04
#4210508421
b0000000000111100 )
14
#4211008422
04
#4211508423
b0000000000111101 )
14
#4212008424
04
#4212508425
b0000000000111110 )
14
#4213008426
04
#4213508427
b0000000000111111 )
14
#4214008428
04
#4214508429
b0000000001000000 )
14
#4215008430
04
#4215508431
b0000000001000001 )
14
#4216008432
04
#4216508433
b0000000001000010 )
14
#4217008434
04
#4217508435
b0000000001000011 )
14
#4218008436
04
#4218508437
b0000000001000100 )
14
#4219008438
04
#4219508439
b0000000001000101 )
14
#4220008440
04
#4220508441
b0000000001000110 )
14
#4221008442
04
#4221508443
b0000000001000111 )
14
#4222008444
04
#4222508445
b0000000001001000 )
14
#4223008446
04
#4223508447
b0000000001001001 )
14
#4224008448
04
#4224508449
b0000000001001010 )
14
#4225008450
04
#4225508451
b0000000001001011 )
14
#4226008452
04
#4226508453
b0000000001001100 )
14
#4227008454
04
#4227508455
b0000000001001101 )
14
#4228008456
04
#4228508457
b0000000001001110 )
14
#4229008458
04
#4229508459
b0000000001001111 )
14
#4230008460
04
#4230508461
b0000000001010000 )
14
#4231008462
04
#4231508463
b0000000001010001 )
14
#4232008464
04
#4232508465
b0000000001010010 )
14
#4233008466
04
#4233508467
b0000000001010011 )
14
#4234008468
04
#4234508469
b0000000001010100 )
14
#4235008470
04
#4235508471
b0000000001010101 )
14
#4236008472
04
#4236508473
b0000000001010110 )
14
#4237008474
04
#4237508475
b0000000001010111 )
14
#4238008476
04
#4238508477
b0000000001011000 )
14
#4239008478
04
#4239508479
b0000000001011001 )
14
#4240008480
04
#4240508481
b0000000001011010 )
14
#4241008482
04
#4241508483
b0000000001011011 )
14
#4242008484
04
#4242508485
b0000000001011100 )
14
#4243008486
04
#4243508487
b0000000001011101 )
14
#4244008488
04
#4244508489
b0000000001011110 )
14
#4245008490
04
#4245508491
b0000000001011111 )
14
#4246008492
04
#4246508493
b0000000001100000 )
14
#4247008494
04
#4247508495
b0000000001100001 )
14
#4248008496
04
#4248508497
b0000000001100010 )
14
#4249008498
04
#4249508499
b0000000001100011 )
14
#4250008500
04
#4250508501
b0000000001100100 )
14
#4251008502
04
#4251508503
b0000000000000000 )
1+
b0000101 .
b0000000000010100 2
14
1;
#4252008504
04
#4252508505
b0000000000000001 )
14
#4253008506
04
#4253508507
b0000000000000010 )
14
#4254008508
04
#4254508509
b0000000000000011 )
14
#4255008510
04
#4255508511
b0000000000000100 )
14
#4256008512
04
#4256508513
b0000000000000101 )
14
#4257008514
04
#4257508515
b0000000000000110 )
14
#4258008516
04
#4258508517
b0000000000000111 )
14
#4259008518
04
#4259508519
b0000000000001000 )
14
#4260008520
04
#4260508521
b0000000000001001 )
14
#4261008522
04
#4261508523
b0000000000001010 )
14
#4262008524
04
#4262508525
b0000000000001011 )
14
#4263008526
04
#4263508527
b0000000000001100 )
14
#4264008528
04
#4264508529
b0000000000001101 )
14
#4265008530
04
#4265508531
b0000000000001110 )
14
#4266008532
04
#4266508533
b0000000000001111 )
14
#4267008534
04
#4267508535
b0000000000010000 )
14
#4268008536
04
#4268508537
b0000000000010001 )
14
#4269008538
04
#4269508539
b0000000000010010 )
14
#4270008540
04
#4270508541
b0000000000010011 )
14
#4271008542
04
#4271508543
b0000000000010100 )
14
#4272008544
04
#4272508545
b0000000000010101 )
14
#4273008546
04
#4273508547
b0000000000010110 )
14
#4274008548
04
#4274508549
b0000000000010111 )
14
#4275008550
04
#4275508551
b0000000000011000 )
14
#4276008552
04
#4276508553
b0000000000011001 )
14
#4277008554
04
#4277508555
b0000000000011010 )
14
#4278008556
04
#4278508557
b0000000000011011 )
14
#4279008558
04
#4279508559
b0000000000011100 )
14
#4280008560
04
#4280508561
b0000000000011101 )
14
#4281008562
04
#4281508563
b0000000000011110 )
14
#4282008564
04
#4282508565
b0000000000011111 )
14
#4283008566
04
#4283508567
b0000000000100000 )
14
#4284008568
04
#4284508569
b0000000000100001 )
14
#4285008570
04
#4285508571
b0000000000100010 )
14
#4286008572
04
#4286508573
b0000000000100011 )
14
#4287008574
04
#4287508575
b0000000000100100 )
14
#4288008576
04
#4288508577
b0000000000100101 )
14
#4289008578
04
#4289508579
b0000000000100110 )
14
#4290008580
04
#4290508581
b0000000000100111 )
14
#4291008582
04
#4291508583
b0000000000101000 )
14
#4292008584
04
#4292508585
b0000000000101001 )
14
#4293008586
04
#4293508587
b0000000000101010 )
14
#4294008588
04
#4294508589
b0000000000101011 )
14
#4295008590
04
#4295508591
b0000000000101100 )
14
#4296008592
04
#4296508593
b0000000000101101 )
14
#4297008594
04
#4297508595
b0000000000101110 )
14
#4298008596
04
#4298508597
b0000000000101111 )
14
#4299008598
04
#4299508599
b0000000000110000 )
14
#4300008600
04
#4300508601
b0000000000110001 )
14
#4301008602
04
#4301508603
b0000000000110010 )
14
#4302008604
04
#4302508605
b0000000000110011 )
14
#4303008606
04
#4303508607
b0000000000110100 )
14
#4304008608
04
#4304508609
b0000000000110101 )
14
#4305008610
04
#4305508611
b0000000000110110 )
14
#4306008612
04
#4306508613
b0000000000110111 )
14
#4307008614
04
#4307508615
b0000000000111000 )
14
#4308008616
04
#4308508617
b0000000000111001 )
14
#4309008618
04
#4309508619
b0000000000111010 )
14
#4310008620
04
#4310508621
b0000000000111011 )
14
#4311008622
04
#4311508623
b0000000000111100 )
14
#4312008624
04
#4312508625
b0000000000111101 )
14
#4313008626
04
#4313508627
b0000000000111110 )
14
#4314008628
04
#4314508629
b0000000000111111 )
14
#4315008630
04
#4315508631
b0000000001000000 )
14
#4316008632
04
#4316508633
b0000000001000001 )
14
#4317008634
04
#4317508635
b0000000001000010 )
14
#4318008636
04
#4318508637
b0000000001000011 )
14
#4319008638
04
#4319508639
b0000000001000100 )
14
#4320008640
04
#4320508641
b0000000001000101 )
14
#4321008642
04
#4321508643
b0000000001000110 )
14
#4322008644
04
#4322508645
b0000000001000111 )
14
#4323008646
04
#4323508647
b0000000001001000 )
14
#4324008648
04
#4324508649
b0000000001001001 )
14
#4325008650
04
#4325508651
b0000000001001010 )
14
#4326008652
04
#4326508653
b0000000001001011 )
14
#4327008654
04
#4327508655
b0000000001001100 )
14
#4328008656
04
#4328508657
b0000000001001101 )
14
#4329008658
04
#4329508659
b0000000001001110 )
14
#4330008660
04
#4330508661
b0000000001001111 )
14
#4331008662
04
#4331508663
b0000000001010000 )
14
#4332008664
04
#4332508665
b0000000001010001 )
14
#4333008666
04
#4333508667
b0000000001010010 )
14
#4334008668
04
#4334508669
b0000000001010011 )
14
#4335008670
04
#4335508671
b0000000001010100 )
14
#4336008672
04
#4336508673
b0000000001010101 )
14
#4337008674
04
#4337508675
b0000000001010110 )
14
#4338008676
04
#4338508677
b0000000001010111 )
14
#4339008678
04
#4339508679
b0000000001011000 )
14
#4340008680
04
#4340508681
b0000000001011001 )
14
#4341008682
04
#4341508683
b0000000001011010 )
14
#4342008684
04
#4342508685
b0000000001011011 )
14
#4343008686
04
#4343508687
b0000000001011100 )
14
#4344008688
04
#4344508689
b0000000001011101 )
14
#4345008690
04
#4345508691
b0000000001011110 )
14
#4346008692
04
#4346508693
b0000000001011111 )
14
#4347008694
04
#4347508695
b0000000001100000 )
14
#4348008696
04
#4348508697
b0000000001100001 )
14
#4349008698
04
#4349508699
b0000000001100010 )
14
#4350008700
04
#4350508701
b0000000001100011 )
14
#4351008702
04
#4351508703
b0000000001100100 )
14
#4352008704
04
#4352508705
b0000000000000000 )
0+
14
0;
#4353008706
04
#4353508707
b0000000000000001 )
14
#4354008708
04
#4354508709
b0000000000000010 )
14
#4355008710
04
#4355508711
b0000000000000011 )
14
#4356008712
04
#4356508713
b0000000000000100 )
14
#4357008714
04
#4357508715
b0000000000000101 )
14
#4358008716
04
#4358508717
b0000000000000110 )
14
#4359008718
04
#4359508719
b0000000000000111 )
14
#4360008720
04
#4360508721
b0000000000001000 )
14
#4361008722
04
#4361508723
b0000000000001001 )
14
#4362008724
04
#4362508725
b0000000000001010 )
14
#4363008726
04
#4363508727
b0000000000001011 )
14
#4364008728
04
#4364508729
b0000000000001100 )
14
#4365008730
04
#4365508731
b0000000000001101 )
14
#4366008732
04
#4366508733
b0000000000001110 )
14
#4367008734
04
#4367508735
b0000000000001111 )
14
#4368008736
04
#4368508737
b0000000000010000 )
14
#4369008738
04
#4369508739
b0000000000010001 )
14
#4370008740
04
#4370508741
b0000000000010010 )
14
#4371008742
04
#4371508743
b0000000000010011 )
14
#4372008744
04
#4372508745
b0000000000010100 )
14
#4373008746
04
#4373508747
b0000000000010101 )
14
#4374008748
04
#4374508749
b0000000000010110 )
14
#4375008750
04
#4375508751
b0000000000010111 )
14
#4376008752
04
#4376508753
b0000000000011000 )
14
#4377008754
04
#4377508755
b0000000000011001 )
14
#4378008756
04
#4378508757
b0000000000011010 )
14
#4379008758
04
#4379508759
b0000000000011011 )
14
#4380008760
04
#4380508761
b0000000000011100 )
14
#4381008762
04
#4381508763
b0000000000011101 )
14
#4382008764
04
#4382508765
b0000000000011110 )
14
#4383008766
04
#4383508767
b0000000000011111 )
14
#4384008768
04
#4384508769
b0000000000100000 )
14
#4385008770
04
#4385508771
b0000000000100001 )
14
#4386008772
04
#4386508773
b0000000000100010 )
14
#4387008774
04
#4387508775
b0000000000100011 )
14
#4388008776
04
#4388508777
b0000000000100100 )
14
#4389008778
04
#4389508779
b0000000000100101 )
14
#4390008780
04
#4390508781
b0000000000100110 )
14
#4391008782
04
#4391508783
b0000000000100111 )
14
#4392008784
04
#4392508785
b0000000000101000 )
14
#4393008786
04
#4393508787
b0000000000101001 )
14
#4394008788
04
#4394508789
b0000000000101010 )
14
#4395008790
04
#4395508791
b0000000000101011 )
14
#4396008792
04
#4396508793
b0000000000101100 )
14
#4397008794
04
#4397508795
b0000000000101101 )
14
#4398008796
04
#4398508797
b0000000000101110 )
14
#4399008798
04
#4399508799
b0000000000101111 )
14
#4400008800
04
#4400508801
b0000000000110000 )
14
#4401008802
04
#4401508803
b0000000000110001 )
14
#4402008804
04
#4402508805
b0000000000110010 )
14
#4403008806
04
#4403508807
b0100000000000000 &
b0001110 (
b0000000000110011 )
14
1<
1?
#4404008808
04
#4404508809
b0000000000110100 )
14
#4405008810
04
#4405508811
b0000000000110101 )
14
#4406008812
04
#4406508813
b0000000000110110 )
14
#4407008814
04
#4407508815
b0000000000110111 )
14
#4408008816
04
#4408508817
b0000000000111000 )
14
#4409008818
04
#4409508819
b0000000000111001 )
14
#4410008820
04
#4410508821
b0000000000111010 )
14
#4411008822
04
#4411508823
b0000000000111011 )
14
#4412008824
04
#4412508825
b0000000000111100 )
14
#4413008826
04
#4413508827
b0000000000111101 )
14
#4414008828
04
#4414508829
b0000000000111110 )
14
#4415008830
04
#4415508831
b0000000000111111 )
14
#4416008832
04
#4416508833
b0000000001000000 )
14
#4417008834
04
#4417508835
b0000000001000001 )
14
#4418008836
04
#4418508837
b0000000001000010 )
14
#4419008838
04
#4419508839
b0000000001000011 )
14
#4420008840
04
#4420508841
b0000000001000100 )
14
#4421008842
04
#4421508843
b0000000001000101 )
14
#4422008844
04
#4422508845
b0000000001000110 )
14
#4423008846
04
#4423508847
b0000000001000111 )
14
#4424008848
04
#4424508849
b0000000001001000 )
14
#4425008850
04
#4425508851
b0000000001001001 )
14
#4426008852
04
#4426508853
b0000000001001010 )
14
#4427008854
04
#4427508855
b0000000001001011 )
14
#4428008856
04
#4428508857
b0000000001001100 )
14
#4429008858
04
#4429508859
b0000000001001101 )
14
#4430008860
04
#4430508861
b0000000001001110 )
14
#4431008862
04
#4431508863
b0000000001001111 )
14
#4432008864
04
#4432508865
b0000000001010000 )
14
#4433008866
04
#4433508867
b0000000001010001 )
14
#4434008868
04
#4434508869
b0000000001010010 )
14
#4435008870
04
#4435508871
b0000000001010011 )
14
#4436008872
04
#4436508873
b0000000001010100 )
14
#4437008874
04
#4437508875
b0000000001010101 )
14
#4438008876
04
#4438508877
b0000000001010110 )
14
#4439008878
04
#4439508879
b0000000001010111 )
14
#4440008880
04
#4440508881
b0000000001011000 )
14
#4441008882
04
#4441508883
b0000000001011001 )
14
#4442008884
04
#4442508885
b0000000001011010 )
14
#4443008886
04
#4443508887
b0000000001011011 )
14
#4444008888
04
#4444508889
b0000000001011100 )
14
#4445008890
04
#4445508891
b0000000001011101 )
14
#4446008892
04
#4446508893
b0000000001011110 )
14
#4447008894
04
#4447508895
b0000000001011111 )
14
#4448008896
04
#4448508897
b0000000001100000 )
14
#4449008898
04
#4449508899
b0000000001100001 )
14
#4450008900
04
#4450508901
b0000000001100010 )
14
#4451008902
04
#4451508903
b0000000001100011 )
14
#4452008904
04
#4452508905
b0000000001100100 )
14
#4453008906
04
#4453508907
b0000000000000000 )
1+
b0000110 .
b0000000000101001 2
14
1;
#4454008908
04
#4454508909
b0000000000000001 )
14
#4455008910
04
#4455508911
b0000000000000010 )
14
#4456008912
04
#4456508913
b0000000000000011 )
14
#4457008914
04
#4457508915
b0000000000000100 )
14
#4458008916
04
#4458508917
b0000000000000101 )
14
#4459008918
04
#4459508919
b0000000000000110 )
14
#4460008920
04
#4460508921
b0000000000000111 )
14
#4461008922
04
#4461508923
b0000000000001000 )
14
#4462008924
04
#4462508925
b0000000000001001 )
14
#4463008926
04
#4463508927
b0000000000001010 )
14
#4464008928
04
#4464508929
b0000000000001011 )
14
#4465008930
04
#4465508931
b0000000000001100 )
14
#4466008932
04
#4466508933
b0000000000001101 )
14
#4467008934
04
#4467508935
b0000000000001110 )
14
#4468008936
04
#4468508937
b0000000000001111 )
14
#4469008938
04
#4469508939
b0000000000010000 )
14
#4470008940
04
#4470508941
b0000000000010001 )
14
#4471008942
04
#4471508943
b0000000000010010 )
14
#4472008944
04
#4472508945
b0000000000010011 )
14
#4473008946
04
#4473508947
b0000000000010100 )
14
#4474008948
04
#4474508949
b0000000000010101 )
14
#4475008950
04
#4475508951
b0000000000010110 )
14
#4476008952
04
#4476508953
b0000000000010111 )
14
#4477008954
04
#4477508955
b0000000000011000 )
14
#4478008956
04
#4478508957
b0000000000011001 )
14
#4479008958
04
#4479508959
b0000000000011010 )
14
#4480008960
04
#4480508961
b0000000000011011 )
14
#4481008962
04
#4481508963
b0000000000011100 )
14
#4482008964
04
#4482508965
b0000000000011101 )
14
#4483008966
04
#4483508967
b0000000000011110 )
14
#4484008968
04
#4484508969
b0000000000011111 )
14
#4485008970
04
#4485508971
b0000000000100000 )
14
#4486008972
04
#4486508973
b0000000000100001 )
14
#4487008974
04
#4487508975
b0000000000100010 )
14
#4488008976
04
#4488508977
b0000000000100011 )
14
#4489008978
04
#4489508979
b0000000000100100 )
14
#4490008980
04
#4490508981
b0000000000100101 )
14
#4491008982
04
#4491508983
b0000000000100110 )
14
#4492008984
04
#4492508985
b0000000000100111 )
14
#4493008986
04
#4493508987
b0000000000101000 )
14
#4494008988
04
#4494508989
b0000000000101001 )
14
#4495008990
04
#4495508991
b0000000000101010 )
14
#4496008992
04
#4496508993
b0000000000101011 )
14
#4497008994
04
#4497508995
b0000000000101100 )
14
#4498008996
04
#4498508997
b0000000000101101 )
14
#4499008998
04
#4499508999
b0000000000101110 )
14
#4500009000
04
#4500509001
b0000000000101111 )
14
#4501009002
04
#4501509003
b0000000000110000 )
14
#4502009004
04
#4502509005
b0000000000110001 )
14
#4503009006
04
#4503509007
b0000000000110010 )
14
#4504009008
04
#4504509009
b0000000000110011 )
14
#4505009010
04
#4505509011
b0000000000110100 )
14
#4506009012
04
#4506509013
b0000000000110101 )
14
#4507009014
04
#4507509015
b0000000000110110 )
14
#4508009016
04
#4508509017
b0000000000110111 )
14
#4509009018
04
#4509509019
b0000000000111000 )
14
#4510009020
04
#4510509021
b0000000000111001 )
14
#4511009022
04
#4511509023
b0000000000111010 )
14
#4512009024
04
#4512509025
b0000000000111011 )
14
#4513009026
04
#4513509027
b0000000000111100 )
14
#4514009028
04
#4514509029
b0000000000111101 )
14
#4515009030
04
#4515509031
b0000000000111110 )
14
#4516009032
04
#4516509033
b0000000000111111 )
14
#4517009034
04
#4517509035
b0000000001000000 )
14
#4518009036
04
#4518509037
b0000000001000001 )
14
#4519009038
04
#4519509039
b0000000001000010 )
14
#4520009040
04
#4520509041
b0000000001000011 )
14
#4521009042
04
#4521509043
b0000000001000100 )
14
#4522009044
04
#4522509045
b0000000001000101 )
14
#4523009046
04
#4523509047
b0000000001000110 )
14
#4524009048
04
#4524509049
b0000000001000111 )
14
#4525009050
04
#4525509051
b0000000001001000 )
14
#4526009052
04
#4526509053
b0000000001001001 )
14
#4527009054
04
#4527509055
b0000000001001010 )
14
#4528009056
04
#4528509057
b0000000001001011 )
14
#4529009058
04
#4529509059
b0000000001001100 )
14
#4530009060
04
#4530509061
b0000000001001101 )
14
#4531009062
04
#4531509063
b0000000001001110 )
14
#4532009064
04
#4532509065
b0000000001001111 )
14
#4533009066
04
#4533509067
b0000000001010000 )
14
#4534009068
04
#4534509069
b0000000001010001 )
14
#4535009070
04
#4535509071
b0000000001010010 )
14
#4536009072
04
#4536509073
b0000000001010011 )
14
#4537009074
04
#4537509075
b0000000001010100 )
14
#4538009076
04
#4538509077
b0000000001010101 )
14
#4539009078
04
#4539509079
b0000000001010110 )
14
#4540009080
04
#4540509081
b0000000001010111 )
14
#4541009082
04
#4541509083
b0000000001011000 )
14
#4542009084
04
#4542509085
b0000000001011001 )
14
#4543009086
04
#4543509087
b0000000001011010 )
14
#4544009088
04
#4544509089
b0000000001011011 )
14
#4545009090
04
#4545509091
b0000000001011100 )
14
#4546009092
04
#4546509093
b0000000001011101 )
14
#4547009094
04
#4547509095
b0000000001011110 )
14
#4548009096
04
#4548509097
b0000000001011111 )
14
#4549009098
04
#4549509099
b0000000001100000 )
14
#4550009100
04
#4550509101
b0000000001100001 )
14
#4551009102
04
#4551509103
b0000000001100010 )
14
#4552009104
04
#4552509105
b0000000001100011 )
14
#4553009106
04
#4553509107
b0000000001100100 )
14
#4554009108
04
#4554509109
b0000000000000000 )
0+
14
0;
#4555009110
04
#4555509111
b0000000000000001 )
14
#4556009112
04
#4556509113
b0000000000000010 )
14
#4557009114
04
#4557509115
b0000000000000011 )
14
#4558009116
04
#4558509117
b0000000000000100 )
14
#4559009118
04
#4559509119
b0000000000000101 )
14
#4560009120
04
#4560509121
b0000000000000110 )
14
#4561009122
04
#4561509123
b0000000000000111 )
14
#4562009124
04
#4562509125
b0000000000001000 )
14
#4563009126
04
#4563509127
b0000000000001001 )
14
#4564009128
04
#4564509129
b0000000000001010 )
14
#4565009130
04
#4565509131
b0000000000001011 )
14
#4566009132
04
#4566509133
b0000000000001100 )
14
#4567009134
04
#4567509135
b0000000000001101 )
14
#4568009136
04
#4568509137
b0000000000001110 )
14
#4569009138
04
#4569509139
b0000000000001111 )
14
#4570009140
04
#4570509141
b0000000000010000 )
14
#4571009142
04
#4571509143
b0000000000010001 )
14
#4572009144
04
#4572509145
b0000000000010010 )
14
#4573009146
04
#4573509147
b0000000000010011 )
14
#4574009148
04
#4574509149
b0000000000010100 )
14
#4575009150
04
#4575509151
b0000000000010101 )
14
#4576009152
04
#4576509153
b0000000000010110 )
14
#4577009154
04
#4577509155
b0000000000010111 )
14
#4578009156
04
#4578509157
b0000000000011000 )
14
#4579009158
04
#4579509159
b0000000000011001 )
14
#4580009160
04
#4580509161
b0000000000011010 )
14
#4581009162
04
#4581509163
b0000000000011011 )
14
#4582009164
04
#4582509165
b0000000000011100 )
14
#4583009166
04
#4583509167
b0000000000011101 )
14
#4584009168
04
#4584509169
b0000000000011110 )
14
#4585009170
04
#4585509171
b0000000000011111 )
14
#4586009172
04
#4586509173
b0000000000100000 )
14
#4587009174
04
#4587509175
b0000000000100001 )
14
#4588009176
04
#4588509177
b0000000000100010 )
14
#4589009178
04
#4589509179
b0000000000100011 )
14
#4590009180
04
#4590509181
b0000000000100100 )
14
#4591009182
04
#4591509183
b0000000000100101 )
14
#4592009184
04
#4592509185
b0000000000100110 )
14
#4593009186
04
#4593509187
b0000000000100111 )
14
#4594009188
04
#4594509189
b0000000000101000 )
14
#4595009190
04
#4595509191
b0000000000101001 )
14
#4596009192
04
#4596509193
b0000000000101010 )
14
#4597009194
04
#4597509195
b0000000000101011 )
14
#4598009196
04
#4598509197
b0000000000101100 )
14
#4599009198
04
#4599509199
b0000000000101101 )
14
#4600009200
04
#4600509201
b0000000000101110 )
14
#4601009202
04
#4601509203
b0000000000101111 )
14
#4602009204
04
#4602509205
b0000000000110000 )
14
#4603009206
04
#4603509207
b0000000000110001 )
14
#4604009208
04
#4604509209
b0000000000110010 )
14
#4605009210
04
#4605509211
b1000000000000000 &
b0001111 (
b0000000000110011 )
14
0<
0?
#4606009212
04
#4606509213
b0000000000110100 )
14
#4607009214
04
#4607509215
b0000000000110101 )
14
#4608009216
04
#4608509217
b0000000000110110 )
14
#4609009218
04
#4609509219
b0000000000110111 )
14
#4610009220
04
#4610509221
b0000000000111000 )
14
#4611009222
04
#4611509223
b0000000000111001 )
14
#4612009224
04
#4612509225
b0000000000111010 )
14
#4613009226
04
#4613509227
b0000000000111011 )
14
#4614009228
04
#4614509229
b0000000000111100 )
14
#4615009230
04
#4615509231
b0000000000111101 )
14
#4616009232
04
#4616509233
b0000000000111110 )
14
#4617009234
04
#4617509235
b0000000000111111 )
14
#4618009236
04
#4618509237
b0000000001000000 )
14
#4619009238
04
#4619509239
b0000000001000001 )
14
#4620009240
04
#4620509241
b0000000001000010 )
14
#4621009242
04
#4621509243
b0000000001000011 )
14
#4622009244
04
#4622509245
b0000000001000100 )
14
#4623009246
04
#4623509247
b0000000001000101 )
14
#4624009248
04
#4624509249
b0000000001000110 )
14
#4625009250
04
#4625509251
b0000000001000111 )
14
#4626009252
04
#4626509253
b0000000001001000 )
14
#4627009254
04
#4627509255
b0000000001001001 )
14
#4628009256
04
#4628509257
b0000000001001010 )
14
#4629009258
04
#4629509259
b0000000001001011 )
14
#4630009260
04
#4630509261
b0000000001001100 )
14
#4631009262
04
#4631509263
b0000000001001101 )
14
#4632009264
04
#4632509265
b0000000001001110 )
14
#4633009266
04
#4633509267
b0000000001001111 )
14
#4634009268
04
#4634509269
b0000000001010000 )
14
#4635009270
04
#4635509271
b0000000001010001 )
14
#4636009272
04
#4636509273
b0000000001010010 )
14
#4637009274
04
#4637509275
b0000000001010011 )
14
#4638009276
04
#4638509277
b0000000001010100 )
14
#4639009278
04
#4639509279
b0000000001010101 )
14
#4640009280
04
#4640509281
b0000000001010110 )
14
#4641009282
04
#4641509283
b0000000001010111 )
14
#4642009284
04
#4642509285
b0000000001011000 )
14
#4643009286
04
#4643509287
b0000000001011001 )
14
#4644009288
04
#4644509289
b0000000001011010 )
14
#4645009290
04
#4645509291
b0000000001011011 )
14
#4646009292
04
#4646509293
b0000000001011100 )
14
#4647009294
04
#4647509295
b0000000001011101 )
14
#4648009296
04
#4648509297
b0000000001011110 )
14
#4649009298
04
#4649509299
b0000000001011111 )
14
#4650009300
04
#4650509301
b0000000001100000 )
14
#4651009302
04
#4651509303
b0000000001100001 )
14
#4652009304
04
#4652509305
b0000000001100010 )
14
#4653009306
04
#4653509307
b0000000001100011 )
14
#4654009308
04
#4654509309
b0000000001100100 )
14
#4655009310
04
#4655509311
b0000000000000000 )
1+
b0000111 .
b0000000001010010 2
14
1;
#4656009312
04
#4656509313
b0000000000000001 )
14
#4657009314
04
#4657509315
b0000000000000010 )
14
#4658009316
04
#4658509317
b0000000000000011 )
14
#4659009318
04
#4659509319
b0000000000000100 )
14
#4660009320
04
#4660509321
b0000000000000101 )
14
#4661009322
04
#4661509323
b0000000000000110 )
14
#4662009324
04
#4662509325
b0000000000000111 )
14
#4663009326
04
#4663509327
b0000000000001000 )
14
#4664009328
04
#4664509329
b0000000000001001 )
14
#4665009330
04
#4665509331
b0000000000001010 )
14
#4666009332
04
#4666509333
b0000000000001011 )
14
#4667009334
04
#4667509335
b0000000000001100 )
14
#4668009336
04
#4668509337
b0000000000001101 )
14
#4669009338
04
#4669509339
b0000000000001110 )
14
#4670009340
04
#4670509341
b0000000000001111 )
14
#4671009342
04
#4671509343
b0000000000010000 )
14
#4672009344
04
#4672509345
b0000000000010001 )
14
#4673009346
04
#4673509347
b0000000000010010 )
14
#4674009348
04
#4674509349
b0000000000010011 )
14
#4675009350
04
#4675509351
b0000000000010100 )
14
#4676009352
04
#4676509353
b0000000000010101 )
14
#4677009354
04
#4677509355
b0000000000010110 )
14
#4678009356
04
#4678509357
b0000000000010111 )
14
#4679009358
04
#4679509359
b0000000000011000 )
14
#4680009360
04
#4680509361
b0000000000011001 )
14
#4681009362
04
#4681509363
b0000000000011010 )
14
#4682009364
04
#4682509365
b0000000000011011 )
14
#4683009366
04
#4683509367
b0000000000011100 )
14
#4684009368
04
#4684509369
b0000000000011101 )
14
#4685009370
04
#4685509371
b0000000000011110 )
14
#4686009372
04
#4686509373
b0000000000011111 )
14
#4687009374
04
#4687509375
b0000000000100000 )
14
#4688009376
04
#4688509377
b0000000000100001 )
14
#4689009378
04
#4689509379
b0000000000100010 )
14
#4690009380
04
#4690509381
b0000000000100011 )
14
#4691009382
04
#4691509383
b0000000000100100 )
14
#4692009384
04
#4692509385
b0000000000100101 )
14
#4693009386
04
#4693509387
b0000000000100110 )
14
#4694009388
04
#4694509389
b0000000000100111 )
14
#4695009390
04
#4695509391
b0000000000101000 )
14
#4696009392
04
#4696509393
b0000000000101001 )
14
#4697009394
04
#4697509395
b0000000000101010 )
14
#4698009396
04
#4698509397
b0000000000101011 )
14
#4699009398
04
#4699509399
b0000000000101100 )
14
#4700009400
04
#4700509401
b0000000000101101 )
14
#4701009402
04
#4701509403
b0000000000101110 )
14
#4702009404
04
#4702509405
b0000000000101111 )
14
#4703009406
04
#4703509407
b0000000000110000 )
14
#4704009408
04
#4704509409
b0000000000110001 )
14
#4705009410
04
#4705509411
b0000000000110010 )
14
#4706009412
04
#4706509413
b0000000000110011 )
14
#4707009414
04
#4707509415
b0000000000110100 )
14
#4708009416
04
#4708509417
b0000000000110101 )
14
#4709009418
04
#4709509419
b0000000000110110 )
14
#4710009420
04
#4710509421
b0000000000110111 )
14
#4711009422
04
#4711509423
b0000000000111000 )
14
#4712009424
04
#4712509425
b0000000000111001 )
14
#4713009426
04
#4713509427
b0000000000111010 )
14
#4714009428
04
#4714509429
b0000000000111011 )
14
#4715009430
04
#4715509431
b0000000000111100 )
14
#4716009432
04
#4716509433
b0000000000111101 )
14
#4717009434
04
#4717509435
b0000000000111110 )
14
#4718009436
04
#4718509437
b0000000000111111 )
14
#4719009438
04
#4719509439
b0000000001000000 )
14
#4720009440
04
#4720509441
b0000000001000001 )
14
#4721009442
04
#4721509443
b0000000001000010 )
14
#4722009444
04
#4722509445
b0000000001000011 )
14
#4723009446
04
#4723509447
b0000000001000100 )
14
#4724009448
04
#4724509449
b0000000001000101 )
14
#4725009450
04
#4725509451
b0000000001000110 )
14
#4726009452
04
#4726509453
b0000000001000111 )
14
#4727009454
04
#4727509455
b0000000001001000 )
14
#4728009456
04
#4728509457
b0000000001001001 )
14
#4729009458
04
#4729509459
b0000000001001010 )
14
#4730009460
04
#4730509461
b0000000001001011 )
14
#4731009462
04
#4731509463
b0000000001001100 )
14
#4732009464
04
#4732509465
b0000000001001101 )
14
#4733009466
04
#4733509467
b0000000001001110 )
14
#4734009468
04
#4734509469
b0000000001001111 )
14
#4735009470
04
#4735509471
b0000000001010000 )
14
#4736009472
04
#4736509473
b0000000001010001 )
14
#4737009474
04
#4737509475
b0000000001010010 )
14
#4738009476
04
#4738509477
b0000000001010011 )
14
#4739009478
04
#4739509479
b0000000001010100 )
14
#4740009480
04
#4740509481
b0000000001010101 )
14
#4741009482
04
#4741509483
b0000000001010110 )
14
#4742009484
04
#4742509485
b0000000001010111 )
14
#4743009486
04
#4743509487
b0000000001011000 )
14
#4744009488
04
#4744509489
b0000000001011001 )
14
#4745009490
04
#4745509491
b0000000001011010 )
14
#4746009492
04
#4746509493
b0000000001011011 )
14
#4747009494
04
#4747509495
b0000000001011100 )
14
#4748009496
04
#4748509497
b0000000001011101 )
14
#4749009498
04
#4749509499
b0000000001011110 )
14
#4750009500
04
#4750509501
b0000000001011111 )
14
#4751009502
04
#4751509503
b0000000001100000 )
14
#4752009504
04
#4752509505
b0000000001100001 )
14
#4753009506
04
#4753509507
b0000000001100010 )
14
#4754009508
04
#4754509509
b0000000001100011 )
14
#4755009510
04
#4755509511
b0000000001100100 )
14
#4756009512
04
#4756509513
b0000000000000000 )
0+
14
0;
#4757009514
04
#4757509515
b0000000000000001 )
14
#4758009516
04
#4758509517
b0000000000000010 )
14
#4759009518
04
#4759509519
b0000000000000011 )
14
#4760009520
04
#4760509521
b0000000000000100 )
14
#4761009522
04
#4761509523
b0000000000000101 )
14
#4762009524
04
#4762509525
b0000000000000110 )
14
#4763009526
04
#4763509527
b0000000000000111 )
14
#4764009528
04
#4764509529
b0000000000001000 )
14
#4765009530
04
#4765509531
b0000000000001001 )
14
#4766009532
04
#4766509533
b0000000000001010 )
14
#4767009534
04
#4767509535
b0000000000001011 )
14
#4768009536
04
#4768509537
b0000000000001100 )
14
#4769009538
04
#4769509539
b0000000000001101 )
14
#4770009540
04
#4770509541
b0000000000001110 )
14
#4771009542
04
#4771509543
b0000000000001111 )
14
#4772009544
04
#4772509545
b0000000000010000 )
14
#4773009546
04
#4773509547
b0000000000010001 )
14
#4774009548
04
#4774509549
b0000000000010010 )
14
#4775009550
04
#4775509551
b0000000000010011 )
14
#4776009552
04
#4776509553
b0000000000010100 )
14
#4777009554
04
#4777509555
b0000000000010101 )
14
#4778009556
04
#4778509557
b0000000000010110 )
14
#4779009558
04
#4779509559
b0000000000010111 )
14
#4780009560
04
#4780509561
b0000000000011000 )
14
#4781009562
04
#4781509563
b0000000000011001 )
14
#4782009564
04
#4782509565
b0000000000011010 )
14
#4783009566
04
#4783509567
b0000000000011011 )
14
#4784009568
04
#4784509569
b0000000000011100 )
14
#4785009570
04
#4785509571
b0000000000011101 )
14
#4786009572
04
#4786509573
b0000000000011110 )
14
#4787009574
04
#4787509575
b0000000000011111 )
14
#4788009576
04
#4788509577
b0000000000100000 )
14
#4789009578
04
#4789509579
b0000000000100001 )
14
#4790009580
04
#4790509581
b0000000000100010 )
14
#4791009582
04
#4791509583
b0000000000100011 )
14
#4792009584
04
#4792509585
b0000000000100100 )
14
#4793009586
04
#4793509587
b0000000000100101 )
14
#4794009588
04
#4794509589
b0000000000100110 )
14
#4795009590
04
#4795509591
b0000000000100111 )
14
#4796009592
04
#4796509593
b0000000000101000 )
14
#4797009594
04
#4797509595
b0000000000101001 )
14
#4798009596
04
#4798509597
b0000000000101010 )
14
#4799009598
04
#4799509599
b0000000000101011 )
14
#4800009600
04
#4800509601
b0000000000101100 )
14
#4801009602
04
#4801509603
b0000000000101101 )
14
#4802009604
04
#4802509605
b0000000000101110 )
14
#4803009606
04
#4803509607
b0000000000101111 )
14
#4804009608
04
#4804509609
b0000000000110000 )
14
#4805009610
04
#4805509611
b0000000000110001 )
14
#4806009612
04
#4806509613
b0000000000110010 )
14
#4807009614
04
#4807509615
b0000000000000000 &
b0010000 (
b0000000000110011 )
14
1<
1?
#4808009616
04
#4808509617
b0000000000110100 )
14
#4809009618
04
#4809509619
b0000000000110101 )
14
#4810009620
04
#4810509621
b0000000000110110 )
14
#4811009622
04
#4811509623
b0000000000110111 )
14
#4812009624
04
#4812509625
b0000000000111000 )
14
#4813009626
04
#4813509627
b0000000000111001 )
14
#4814009628
04
#4814509629
b0000000000111010 )
14
#4815009630
04
#4815509631
b0000000000111011 )
14
#4816009632
04
#4816509633
b0000000000111100 )
14
#4817009634
04
#4817509635
b0000000000111101 )
14
#4818009636
04
#4818509637
b0000000000111110 )
14
#4819009638
04
#4819509639
b0000000000111111 )
14
#4820009640
04
#4820509641
b0000000001000000 )
14
#4821009642
04
#4821509643
b0000000001000001 )
14
#4822009644
04
#4822509645
b0000000001000010 )
14
#4823009646
04
#4823509647
b0000000001000011 )
14
#4824009648
04
#4824509649
b0000000001000100 )
14
#4825009650
04
#4825509651
b0000000001000101 )
14
#4826009652
04
#4826509653
b0000000001000110 )
14
#4827009654
04
#4827509655
b0000000001000111 )
14
#4828009656
04
#4828509657
b0000000001001000 )
14
#4829009658
04
#4829509659
b0000000001001001 )
14
#4830009660
04
#4830509661
b0000000001001010 )
14
#4831009662
04
#4831509663
b0000000001001011 )
14
#4832009664
04
#4832509665
b0000000001001100 )
14
#4833009666
04
#4833509667
b0000000001001101 )
14
#4834009668
04
#4834509669
b0000000001001110 )
14
#4835009670
04
#4835509671
b0000000001001111 )
14
#4836009672
04
#4836509673
b0000000001010000 )
14
#4837009674
04
#4837509675
b0000000001010001 )
14
#4838009676
04
#4838509677
b0000000001010010 )
14
#4839009678
04
#4839509679
b0000000001010011 )
14
#4840009680
04
#4840509681
b0000000001010100 )
14
#4841009682
04
#4841509683
b0000000001010101 )
14
#4842009684
04
#4842509685
b0000000001010110 )
14
#4843009686
04
#4843509687
b0000000001010111 )
14
#4844009688
04
#4844509689
b0000000001011000 )
14
#4845009690
04
#4845509691
b0000000001011001 )
14
#4846009692
04
#4846509693
b0000000001011010 )
14
#4847009694
04
#4847509695
b0000000001011011 )
14
#4848009696
04
#4848509697
b0000000001011100 )
14
#4849009698
04
#4849509699
b0000000001011101 )
14
#4850009700
04
#4850509701
b0000000001011110 )
14
#4851009702
04
#4851509703
b0000000001011111 )
14
#4852009704
04
#4852509705
b0000000001100000 )
14
#4853009706
04
#4853509707
b0000000001100001 )
14
#4854009708
04
#4854509709
b0000000001100010 )
14
#4855009710
04
#4855509711
b0000000001100011 )
14
#4856009712
04
#4856509713
b0000000001100100 )
14
#4857009714
04
#4857509715
b0000000000000000 )
1+
b0001000 .
b0000000010100101 2
14
1;
#4858009716
04
#4858509717
b0000000000000001 )
14
#4859009718
04
#4859509719
b0000000000000010 )
14
#4860009720
04
#4860509721
b0000000000000011 )
14
#4861009722
04
#4861509723
b0000000000000100 )
14
#4862009724
04
#4862509725
b0000000000000101 )
14
#4863009726
04
#4863509727
b0000000000000110 )
14
#4864009728
04
#4864509729
b0000000000000111 )
14
#4865009730
04
#4865509731
b0000000000001000 )
14
#4866009732
04
#4866509733
b0000000000001001 )
14
#4867009734
04
#4867509735
b0000000000001010 )
14
#4868009736
04
#4868509737
b0000000000001011 )
14
#4869009738
04
#4869509739
b0000000000001100 )
14
#4870009740
04
#4870509741
b0000000000001101 )
14
#4871009742
04
#4871509743
b0000000000001110 )
14
#4872009744
04
#4872509745
b0000000000001111 )
14
#4873009746
04
#4873509747
b0000000000010000 )
14
#4874009748
04
#4874509749
b0000000000010001 )
14
#4875009750
04
#4875509751
b0000000000010010 )
14
#4876009752
04
#4876509753
b0000000000010011 )
14
#4877009754
04
#4877509755
b0000000000010100 )
14
#4878009756
04
#4878509757
b0000000000010101 )
14
#4879009758
04
#4879509759
b0000000000010110 )
14
#4880009760
04
#4880509761
b0000000000010111 )
14
#4881009762
04
#4881509763
b0000000000011000 )
14
#4882009764
04
#4882509765
b0000000000011001 )
14
#4883009766
04
#4883509767
b0000000000011010 )
14
#4884009768
04
#4884509769
b0000000000011011 )
14
#4885009770
04
#4885509771
b0000000000011100 )
14
#4886009772
04
#4886509773
b0000000000011101 )
14
#4887009774
04
#4887509775
b0000000000011110 )
14
#4888009776
04
#4888509777
b0000000000011111 )
14
#4889009778
04
#4889509779
b0000000000100000 )
14
#4890009780
04
#4890509781
b0000000000100001 )
14
#4891009782
04
#4891509783
b0000000000100010 )
14
#4892009784
04
#4892509785
b0000000000100011 )
14
#4893009786
04
#4893509787
b0000000000100100 )
14
#4894009788
04
#4894509789
b0000000000100101 )
14
#4895009790
04
#4895509791
b0000000000100110 )
14
#4896009792
04
#4896509793
b0000000000100111 )
14
#4897009794
04
#4897509795
b0000000000101000 )
14
#4898009796
04
#4898509797
b0000000000101001 )
14
#4899009798
04
#4899509799
b0000000000101010 )
14
#4900009800
04
#4900509801
b0000000000101011 )
14
#4901009802
04
#4901509803
b0000000000101100 )
14
#4902009804
04
#4902509805
b0000000000101101 )
14
#4903009806
04
#4903509807
b0000000000101110 )
14
#4904009808
04
#4904509809
b0000000000101111 )
14
#4905009810
04
#4905509811
b0000000000110000 )
14
#4906009812
04
#4906509813
b0000000000110001 )
14
#4907009814
04
#4907509815
b0000000000110010 )
14
#4908009816
04
#4908509817
b0000000000110011 )
14
#4909009818
04
#4909509819
b0000000000110100 )
14
#4910009820
04
#4910509821
b0000000000110101 )
14
#4911009822
04
#4911509823
b0000000000110110 )
14
#4912009824
04
#4912509825
b0000000000110111 )
14
#4913009826
04
#4913509827
b0000000000111000 )
14
#4914009828
04
#4914509829
b0000000000111001 )
14
#4915009830
04
#4915509831
b0000000000111010 )
14
#4916009832
04
#4916509833
b0000000000111011 )
14
#4917009834
04
#4917509835
b0000000000111100 )
14
#4918009836
04
#4918509837
b0000000000111101 )
14
#4919009838
04
#4919509839
b0000000000111110 )
14
#4920009840
04
#4920509841
b0000000000111111 )
14
#4921009842
04
#4921509843
b0000000001000000 )
14
#4922009844
04
#4922509845
b0000000001000001 )
14
#4923009846
04
#4923509847
b0000000001000010 )
14
#4924009848
04
#4924509849
b0000000001000011 )
14
#4925009850
04
#4925509851
b0000000001000100 )
14
#4926009852
04
#4926509853
b0000000001000101 )
14
#4927009854
04
#4927509855
b0000000001000110 )
14
#4928009856
04
#4928509857
b0000000001000111 )
14
#4929009858
04
#4929509859
b0000000001001000 )
14
#4930009860
04
#4930509861
b0000000001001001 )
14
#4931009862
04
#4931509863
b0000000001001010 )
14
#4932009864
04
#4932509865
b0000000001001011 )
14
#4933009866
04
#4933509867
b0000000001001100 )
14
#4934009868
04
#4934509869
b0000000001001101 )
14
#4935009870
04
#4935509871
b0000000001001110 )
14
#4936009872
04
#4936509873
b0000000001001111 )
14
#4937009874
04
#4937509875
b0000000001010000 )
14
#4938009876
04
#4938509877
b0000000001010001 )
14
#4939009878
04
#4939509879
b0000000001010010 )
14
#4940009880
04
#4940509881
b0000000001010011 )
14
#4941009882
04
#4941509883
b0000000001010100 )
14
#4942009884
04
#4942509885
b0000000001010101 )
14
#4943009886
04
#4943509887
b0000000001010110 )
14
#4944009888
04
#4944509889
b0000000001010111 )
14
#4945009890
04
#4945509891
b0000000001011000 )
14
#4946009892
04
#4946509893
b0000000001011001 )
14
#4947009894
04
#4947509895
b0000000001011010 )
14
#4948009896
04
#4948509897
b0000000001011011 )
14
#4949009898
04
#4949509899
b0000000001011100 )
14
#4950009900
04
#4950509901
b0000000001011101 )
14
#4951009902
04
#4951509903
b0000000001011110 )
14
#4952009904
04
#4952509905
b0000000001011111 )
14
#4953009906
04
#4953509907
b0000000001100000 )
14
#4954009908
04
#4954509909
b0000000001100001 )
14
#4955009910
04
#4955509911
b0000000001100010 )
14
#4956009912
04
#4956509913
b0000000001100011 )
14
#4957009914
04
#4957509915
b0000000001100100 )
14
#4958009916
04
#4958509917
b0000000000000000 )
0+
14
0;
#4959009918
04
#4959509919
b0000000000000001 )
14
#4960009920
04
#4960509921
b0000000000000010 )
14
#4961009922
04
#4961509923
b0000000000000011 )
14
#4962009924
04
#4962509925
b0000000000000100 )
14
#4963009926
04
#4963509927
b0000000000000101 )
14
#4964009928
04
#4964509929
b0000000000000110 )
14
#4965009930
04
#4965509931
b0000000000000111 )
14
#4966009932
04
#4966509933
b0000000000001000 )
14
#4967009934
04
#4967509935
b0000000000001001 )
14
#4968009936
04
#4968509937
b0000000000001010 )
14
#4969009938
04
#4969509939
b0000000000001011 )
14
#4970009940
04
#4970509941
b0000000000001100 )
14
#4971009942
04
#4971509943
b0000000000001101 )
14
#4972009944
04
#4972509945
b0000000000001110 )
14
#4973009946
04
#4973509947
b0000000000001111 )
14
#4974009948
04
#4974509949
b0000000000010000 )
14
#4975009950
04
#4975509951
b0000000000010001 )
14
#4976009952
04
#4976509953
b0000000000010010 )
14
#4977009954
04
#4977509955
b0000000000010011 )
14
#4978009956
04
#4978509957
b0000000000010100 )
14
#4979009958
04
#4979509959
b0000000000010101 )
14
#4980009960
04
#4980509961
b0000000000010110 )
14
#4981009962
04
#4981509963
b0000000000010111 )
14
#4982009964
04
#4982509965
b0000000000011000 )
14
#4983009966
04
#4983509967
b0000000000011001 )
14
#4984009968
04
#4984509969
b0000000000011010 )
14
#4985009970
04
#4985509971
b0000000000011011 )
14
#4986009972
04
#4986509973
b0000000000011100 )
14
#4987009974
04
#4987509975
b0000000000011101 )
14
#4988009976
04
#4988509977
b0000000000011110 )
14
#4989009978
04
#4989509979
b0000000000011111 )
14
#4990009980
04
#4990509981
b0000000000100000 )
14
#4991009982
04
#4991509983
b0000000000100001 )
14
#4992009984
04
#4992509985
b0000000000100010 )
14
#4993009986
04
#4993509987
b0000000000100011 )
14
#4994009988
04
#4994509989
b0000000000100100 )
14
#4995009990
04
#4995509991
b0000000000100101 )
14
#4996009992
04
#4996509993
b0000000000100110 )
14
#4997009994
04
#4997509995
b0000000000100111 )
14
#4998009996
04
#4998509997
b0000000000101000 )
14
#4999009998
04
#4999509999
b0000000000101001 )
14
#5000010000
04
#5000510001
b0000000000101010 )
14
#5001010002
04
#5001510003
b0000000000101011 )
14
#5002010004
04
#5002510005
b0000000000101100 )
14
#5003010006
04
#5003510007
b0000000000101101 )
14
#5004010008
04
#5004510009
b0000000000101110 )
14
#5005010010
04
#5005510011
b0000000000101111 )
14
#5006010012
04
#5006510013
b0000000000110000 )
14
#5007010014
04
#5007510015
b0000000000110001 )
14
#5008010016
04
#5008510017
b0000000000110010 )
14
#5009010018
04
#5009510019
b100 #
b0000000 (
b0000000000110011 )
14
0<
0?
#5010010020
04
#5010510021
b0000000000110100 )
1*
1-
b0000000 .
0/
00
b0000000010100101 1
b0000000000000000 2
14
19
b100 =
1>
1@
#5011010022
04
#5011510023
b0000000000110101 )
0*
14
#5012010024
04
#5012510025
b0000000000110110 )
1*
14
#5013010026
04
#5013510027
b0000000000110111 )
0*
14
#5014010028
04
#5014510029
b0000000000111000 )
1*
14
#5015010030
04
#5015510031
b0000000000111001 )
0*
14
#5016010032
04
#5016510033
b0000000000111010 )
1*
14
#5017010034
04
#5017510035
b0000000000111011 )
0*
14
#5018010036
04
#5018510037
b0000000000111100 )
1*
14
#5019010038
04
#5019510039
b0000000000111101 )
0*
14
#5020010040
04
#5020510041
b0000000000111110 )
1*
14
#5021010042
04
#5021510043
b0000000000111111 )
0*
14
#5022010044
04
#5022510045
b0000000001000000 )
1*
14
#5023010046
04
#5023510047
b0000000001000001 )
0*
14
#5024010048
04
#5024510049
b0000000001000010 )
1*
14
#5025010050
04
#5025510051
b0000000001000011 )
0*
14
#5026010052
04
#5026510053
b0000000001000100 )
1*
14
#5027010054
04
#5027510055
b0000000001000101 )
0*
14
#5028010056
04
#5028510057
b0000000001000110 )
1*
14
#5029010058
04
#5029510059
b0000000001000111 )
0*
14
#5030010060
04
#5030510061
b0000000001001000 )
1*
14
#5031010062
04
#5031510063
b0000000001001001 )
0*
14
#5032010064
04
#5032510065
b0000000001001010 )
1*
14
#5033010066
04
#5033510067
b0000000001001011 )
0*
14
#5034010068
04
#5034510069
b0000000001001100 )
1*
14
#5035010070
04
#5035510071
b0000000001001101 )
0*
14
#5036010072
04
#5036510073
b0000000001001110 )
1*
14
#5037010074
04
#5037510075
b0000000001001111 )
0*
14
#5038010076
04
#5038510077
b0000000001010000 )
1*
14
#5039010078
04
#5039510079
b0000000001010001 )
0*
14
#5040010080
04
#5040510081
b0000000001010010 )
1*
14
#5041010082
04
#5041510083
b0000000001010011 )
0*
14
#5042010084
04
#5042510085
b0000000001010100 )
1*
14
#5043010086
04
#5043510087
b0000000001010101 )
0*
14
#5044010088
04
#5044510089
b0000000001010110 )
1*
14
#5045010090
04
#5045510091
b0000000001010111 )
0*
14
#5046010092
04
#5046510093
b0000000001011000 )
1*
14
#5047010094
04
#5047510095
b0000000001011001 )
0*
14
#5048010096
04
#5048510097
b0000000001011010 )
1*
14
#5049010098
04
#5049510099
b0000000001011011 )
0*
14
#5050010100
04
#5050510101
b0000000001011100 )
1*
14
#5051010102
04
#5051510103
b0000000001011101 )
0*
14
#5052010104
04
#5052510105
b0000000001011110 )
1*
14
#5053010106
04
#5053510107
b0000000001011111 )
0*
14
#5054010108
04
#5054510109
b0000000001100000 )
1*
14
#5055010110
04
#5055510111
b0000000001100001 )
0*
14
#5056010112
04
#5056510113
b0000000001100010 )
1*
14
#5057010114
04
#5057510115
b0000000001100011 )
0*
14
#5058010116
04
#5058510117
b0000000001100100 )
1*
14
#5059010118
04
#5059510119
b0000000000000000 )
0*
1+
b0000000000000000 1
14
1;
#5060010120
04
#5060510121
b0000000000000001 )
1*
14
#5061010122
04
#5061510123
b0000000000000010 )
0*
14
#5062010124
04
#5062510125
b0000000000000011 )
1*
14
#5063010126
04
#5063510127
b0000000000000100 )
0*
14
#5064010128
04
#5064510129
b0000000000000101 )
1*
14
#5065010130
04
#5065510131
b0000000000000110 )
0*
14
#5066010132
04
#5066510133
b0000000000000111 )
1*
14
#5067010134
04
#5067510135
b0000000000001000 )
0*
14
#5068010136
04
#5068510137
b0000000000001001 )
1*
14
#5069010138
04
#5069510139
b0000000000001010 )
0*
14
#5070010140
04
#5070510141
b0000000000001011 )
1*
14
#5071010142
04
#5071510143
b0000000000001100 )
0*
14
#5072010144
04
#5072510145
b0000000000001101 )
1*
14
#5073010146
04
#5073510147
b0000000000001110 )
0*
14
#5074010148
04
#5074510149
b0000000000001111 )
1*
14
#5075010150
04
#5075510151
b0000000000010000 )
0*
14
#5076010152
04
#5076510153
b0000000000010001 )
1*
14
#5077010154
04
#5077510155
b0000000000010010 )
0*
14
#5078010156
04
#5078510157
b0000000000010011 )
1*
14
#5079010158
04
#5079510159
b0000000000010100 )
0*
14
#5080010160
04
#5080510161
b0000000000010101 )
1*
14
#5081010162
04
#5081510163
b0000000000010110 )
0*
14
#5082010164
04
#5082510165
b0000000000010111 )
1*
14
#5083010166
04
#5083510167
b0000000000011000 )
0*
14
#5084010168
04
#5084510169
b0000000000011001 )
1*
14
#5085010170
04
#5085510171
b0000000000011010 )
0*
14
#5086010172
04
#5086510173
b0000000000011011 )
1*
14
#5087010174
04
#5087510175
b0000000000011100 )
0*
14
#5088010176
04
#5088510177
b0000000000011101 )
1*
14
#5089010178
04
#5089510179
b0000000000011110 )
0*
14
#5090010180
04
#5090510181
b0000000000011111 )
1*
14
#5091010182
04
#5091510183
b0000000000100000 )
0*
14
#5092010184
04
#5092510185
b0000000000100001 )
1*
14
#5093010186
04
#5093510187
b0000000000100010 )
0*
14
#5094010188
04
#5094510189
b0000000000100011 )
1*
14
#5095010190
04
#5095510191
b0000000000100100 )
0*
14
#5096010192
04
#5096510193
b0000000000100101 )
1*
14
#5097010194
04
#5097510195
b0000000000100110 )
0*
14
#5098010196
04
#5098510197
b0000000000100111 )
1*
14
#5099010198
04
#5099510199
b0000000000101000 )
0*
14
#5100010200
04
#5100510201
b0000000000101001 )
1*
14
#5101010202
04
#5101510203
b0000000000101010 )
0*
14
#5102010204
04
#5102510205
b0000000000101011 )
1*
14
#5103010206
04
#5103510207
b0000000000101100 )
0*
14
#5104010208
04
#5104510209
b0000000000101101 )
1*
14
#5105010210
04
#5105510211
b0000000000101110 )
0*
14
#5106010212
04
#5106510213
b0000000000101111 )
1*
14
#5107010214
04
#5107510215
b0000000000110000 )
0*
14
#5108010216
04
#5108510217
b0000000000110001 )
1*
14
#5109010218
04
#5109510219
b0000000000110010 )
0*
14
#5110010220
04
#5110510221
b0000000000110011 )
1*
14
#5111010222
04
#5111510223
b0000000000110100 )
0*
14
#5112010224
04
#5112510225
b0000000000110101 )
1*
14
#5113010226
04
#5113510227
b0000000000110110 )
0*
14
#5114010228
04
#5114510229
b0000000000110111 )
1*
14
#5115010230
04
#5115510231
b0000000000111000 )
0*
14
#5116010232
04
#5116510233
b0000000000111001 )
1*
14
#5117010234
04
#5117510235
b0000000000111010 )
0*
14
#5118010236
04
#5118510237
b0000000000111011 )
1*
14
#5119010238
04
#5119510239
b0000000000111100 )
0*
14
#5120010240
04
#5120510241
b0000000000111101 )
1*
14
#5121010242
04
#5121510243
b0000000000111110 )
0*
14
#5122010244
04
#5122510245
b0000000000111111 )
1*
14
#5123010246
04
#5123510247
b0000000001000000 )
0*
14
#5124010248
04
#5124510249
b0000000001000001 )
1*
14
#5125010250
04
#5125510251
b0000000001000010 )
0*
14
#5126010252
04
#5126510253
b0000000001000011 )
1*
14
#5127010254
04
#5127510255
b0000000001000100 )
0*
14
#5128010256
04
#5128510257
b0000000001000101 )
1*
14
#5129010258
04
#5129510259
b0000000001000110 )
0*
14
#5130010260
04
#5130510261
b0000000001000111 )
1*
14
#5131010262
04
#5131510263
b0000000001001000 )
0*
14
#5132010264
04
#5132510265
b0000000001001001 )
1*
14
#5133010266
04
#5133510267
b0000000001001010 )
0*
14
#5134010268
04
#5134510269
b0000000001001011 )
1*
14
#5135010270
04
#5135510271
b0000000001001100 )
0*
14
#5136010272
04
#5136510273
b0000000001001101 )
1*
14
#5137010274
04
#5137510275
b0000000001001110 )
0*
14
#5138010276
04
#5138510277
b0000000001001111 )
1*
14
#5139010278
04
#5139510279
b0000000001010000 )
0*
14
#5140010280
04
#5140510281
b0000000001010001 )
1*
14
#5141010282
04
#5141510283
b0000000001010010 )
0*
14
#5142010284
04
#5142510285
b0000000001010011 )
1*
14
#5143010286
04
#5143510287
b0000000001010100 )
0*
14
#5144010288
04
#5144510289
b0000000001010101 )
1*
14
#5145010290
04
#5145510291
b0000000001010110 )
0*
14
#5146010292
04
#5146510293
b0000000001010111 )
1*
14
#5147010294
04
#5147510295
b0000000001011000 )
0*
14
#5148010296
04
#5148510297
b0000000001011001 )
1*
14
#5149010298
04
#5149510299
b0000000001011010 )
0*
14
#5150010300
04
#5150510301
b0000000001011011 )
1*
14
#5151010302
04
#5151510303
b0000000001011100 )
0*
14
#5152010304
04
#5152510305
b0000000001011101 )
1*
14
#5153010306
04
#5153510307
b0000000001011110 )
0*
14
#5154010308
04
#5154510309
b0000000001011111 )
1*
14
#5155010310
04
#5155510311
b0000000001100000 )
0*
14
#5156010312
04
#5156510313
b0000000001100001 )
1*
14
#5157010314
04
#5157510315
b0000000001100010 )
0*
14
#5158010316
04
#5158510317
b0000000001100011 )
1*
14
#5159010318
04
#5159510319
b0000000001100100 )
0*
14
#5160010320
04
#5160510321
b0000000000000000 )
1*
0+
14
0;
#5161010322
04
#5161510323
b0000000000000001 )
0*
14
#5162010324
04
#5162510325
b0000000000000010 )
1*
14
#5163010326
04
#5163510327
b0000000000000011 )
0*
14
#5164010328
04
#5164510329
b0000000000000100 )
1*
14
#5165010330
04
#5165510331
b0000000000000101 )
0*
14
#5166010332
04
#5166510333
b0000000000000110 )
1*
14
#5167010334
04
#5167510335
b0000000000000111 )
0*
14
#5168010336
04
#5168510337
b0000000000001000 )
1*
14
#5169010338
04
#5169510339
b0000000000001001 )
0*
14
#5170010340
04
#5170510341
b0000000000001010 )
1*
14
#5171010342
04
#5171510343
b0000000000001011 )
0*
14
#5172010344
04
#5172510345
b0000000000001100 )
1*
14
#5173010346
04
#5173510347
b0000000000001101 )
0*
14
#5174010348
04
#5174510349
b0000000000001110 )
1*
14
#5175010350
04
#5175510351
b0000000000001111 )
0*
14
#5176010352
04
#5176510353
b0000000000010000 )
1*
14
#5177010354
04
#5177510355
b0000000000010001 )
0*
14
#5178010356
04
#5178510357
b0000000000010010 )
1*
14
#5179010358
04
#5179510359
b0000000000010011 )
0*
14
#5180010360
04
#5180510361
b0000000000010100 )
1*
14
#5181010362
04
#5181510363
b0000000000010101 )
0*
14
#5182010364
04
#5182510365
b0000000000010110 )
1*
14
#5183010366
04
#5183510367
b0000000000010111 )
0*
14
#5184010368
04
#5184510369
b0000000000011000 )
1*
14
#5185010370
04
#5185510371
b0000000000011001 )
0*
14
#5186010372
04
#5186510373
b0000000000011010 )
1*
14
#5187010374
04
#5187510375
b0000000000011011 )
0*
14
#5188010376
04
#5188510377
b0000000000011100 )
1*
14
#5189010378
04
#5189510379
b0000000000011101 )
0*
14
#5190010380
04
#5190510381
b0000000000011110 )
1*
14
#5191010382
04
#5191510383
b0000000000011111 )
0*
14
#5192010384
04
#5192510385
b0000000000100000 )
1*
14
#5193010386
04
#5193510387
b0000000000100001 )
0*
14
#5194010388
04
#5194510389
b0000000000100010 )
1*
14
#5195010390
04
#5195510391
b0000000000100011 )
0*
14
#5196010392
04
#5196510393
b0000000000100100 )
1*
14
#5197010394
04
#5197510395
b0000000000100101 )
0*
14
#5198010396
04
#5198510397
b0000000000100110 )
1*
14
#5199010398
04
#5199510399
b0000000000100111 )
0*
14
#5200010400
04
#5200510401
b0000000000101000 )
1*
14
#5201010402
04
#5201510403
b0000000000101001 )
0*
14
#5202010404
04
#5202510405
b0000000000101010 )
1*
14
#5203010406
04
#5203510407
b0000000000101011 )
0*
14
#5204010408
04
#5204510409
b0000000000101100 )
1*
14
#5205010410
04
#5205510411
b0000000000101101 )
0*
14
#5206010412
04
#5206510413
b0000000000101110 )
1*
14
#5207010414
04
#5207510415
b0000000000101111 )
0*
14
#5208010416
04
#5208510417
b0000000000110000 )
1*
14
#5209010418
04
#5209510419
b0000000000110001 )
0*
14
#5210010420
04
#5210510421
b0000000000110010 )
1*
14
#5211010422
04
#5211510423
b0000000000110011 )
0*
14
#5212010424
04
#5212510425
b0000000000110100 )
1*
14
#5213010426
04
#5213510427
b0000000000110101 )
0*
14
#5214010428
04
#5214510429
b0000000000110110 )
1*
14
#5215010430
04
#5215510431
b0000000000110111 )
0*
14
#5216010432
04
#5216510433
b0000000000111000 )
1*
14
#5217010434
04
#5217510435
b0000000000111001 )
0*
14
#5218010436
04
#5218510437
b0000000000111010 )
1*
14
#5219010438
04
#5219510439
b0000000000111011 )
0*
14
#5220010440
04
#5220510441
b0000000000111100 )
1*
14
#5221010442
04
#5221510443
b0000000000111101 )
0*
14
#5222010444
04
#5222510445
b0000000000111110 )
1*
14
#5223010446
04
#5223510447
b0000000000111111 )
0*
14
#5224010448
04
#5224510449
b0000000001000000 )
1*
14
#5225010450
04
#5225510451
b0000000001000001 )
0*
14
#5226010452
04
#5226510453
b0000000001000010 )
1*
14
#5227010454
04
#5227510455
b0000000001000011 )
0*
14
#5228010456
04
#5228510457
b0000000001000100 )
1*
14
#5229010458
04
#5229510459
b0000000001000101 )
0*
14
#5230010460
04
#5230510461
b0000000001000110 )
1*
14
#5231010462
04
#5231510463
b0000000001000111 )
0*
14
#5232010464
04
#5232510465
b0000000001001000 )
1*
14
#5233010466
04
#5233510467
b0000000001001001 )
0*
14
#5234010468
04
#5234510469
b0000000001001010 )
1*
14
#5235010470
04
#5235510471
b0000000001001011 )
0*
14
#5236010472
04
#5236510473
b0000000001001100 )
1*
14
#5237010474
04
#5237510475
b0000000001001101 )
0*
14
#5238010476
04
#5238510477
b0000000001001110 )
1*
14
#5239010478
04
#5239510479
b0000000001001111 )
0*
14
#5240010480
04
#5240510481
b0000000001010000 )
1*
14
#5241010482
04
#5241510483
b0000000001010001 )
0*
14
#5242010484
04
#5242510485
b0000000001010010 )
1*
14
#5243010486
04
#5243510487
b0000000001010011 )
0*
14
#5244010488
04
#5244510489
b0000000001010100 )
1*
14
#5245010490
04
#5245510491
b0000000001010101 )
0*
14
#5246010492
04
#5246510493
b0000000001010110 )
1*
14
#5247010494
04
#5247510495
b0000000001010111 )
0*
14
#5248010496
04
#5248510497
b0000000001011000 )
1*
14
#5249010498
04
#5249510499
b0000000001011001 )
0*
14
#5250010500
04
#5250510501
b0000000001011010 )
1*
14
#5251010502
04
#5251510503
b0000000001011011 )
0*
14
#5252010504
04
#5252510505
b0000000001011100 )
1*
14
#5253010506
04
#5253510507
b0000000001011101 )
0*
14
#5254010508
04
#5254510509
b0000000001011110 )
1*
14
#5255010510
04
#5255510511
b0000000001011111 )
0*
14
#5256010512
04
#5256510513
b0000000001100000 )
1*
14
#5257010514
04
#5257510515
b0000000001100001 )
0*
14
#5258010516
04
#5258510517
b0000000001100010 )
1*
14
#5259010518
04
#5259510519
b0000000001100011 )
0*
14
#5260010520
04
#5260510521
b0000000001100100 )
1*
14
#5261010522
04
#5261510523
b0000000000000000 )
0*
1+
14
1;
#5262010524
04
#5262510525
b0000000000000001 )
1*
14
#5263010526
04
#5263510527
b0000000000000010 )
0*
14
#5264010528
04
#5264510529
b0000000000000011 )
1*
14
#5265010530
04
#5265510531
b0000000000000100 )
0*
14
#5266010532
04
#5266510533
b0000000000000101 )
1*
14
#5267010534
04
#5267510535
b0000000000000110 )
0*
14
#5268010536
04
#5268510537
b0000000000000111 )
1*
14
#5269010538
04
#5269510539
b0000000000001000 )
0*
14
#5270010540
04
#5270510541
b0000000000001001 )
1*
14
#5271010542
04
#5271510543
b0000000000001010 )
0*
14
#5272010544
04
#5272510545
b0000000000001011 )
1*
14
#5273010546
04
#5273510547
b0000000000001100 )
0*
14
#5274010548
04
#5274510549
b0000000000001101 )
1*
14
#5275010550
04
#5275510551
b0000000000001110 )
0*
14
#5276010552
04
#5276510553
b0000000000001111 )
1*
14
#5277010554
04
#5277510555
b0000000000010000 )
0*
14
#5278010556
04
#5278510557
b0000000000010001 )
1*
14
#5279010558
04
#5279510559
b0000000000010010 )
0*
14
#5280010560
04
#5280510561
b0000000000010011 )
1*
14
#5281010562
04
#5281510563
b0000000000010100 )
0*
14
#5282010564
04
#5282510565
b0000000000010101 )
1*
14
#5283010566
04
#5283510567
b0000000000010110 )
0*
14
#5284010568
04
#5284510569
b0000000000010111 )
1*
14
#5285010570
04
#5285510571
b0000000000011000 )
0*
14
#5286010572
04
#5286510573
b0000000000011001 )
1*
14
#5287010574
04
#5287510575
b0000000000011010 )
0*
14
#5288010576
04
#5288510577
b0000000000011011 )
1*
14
#5289010578
04
#5289510579
b0000000000011100 )
0*
14
#5290010580
04
#5290510581
b0000000000011101 )
1*
14
#5291010582
04
#5291510583
b0000000000011110 )
0*
14
#5292010584
04
#5292510585
b0000000000011111 )
1*
14
#5293010586
04
#5293510587
b0000000000100000 )
0*
14
#5294010588
04
#5294510589
b0000000000100001 )
1*
14
#5295010590
04
#5295510591
b0000000000100010 )
0*
14
#5296010592
04
#5296510593
b0000000000100011 )
1*
14
#5297010594
04
#5297510595
b0000000000100100 )
0*
14
#5298010596
04
#5298510597
b0000000000100101 )
1*
14
#5299010598
04
#5299510599
b0000000000100110 )
0*
14
#5300010600
04
#5300510601
b0000000000100111 )
1*
14
#5301010602
04
#5301510603
b0000000000101000 )
0*
14
#5302010604
04
#5302510605
b0000000000101001 )
1*
14
#5303010606
04
#5303510607
b0000000000101010 )
0*
14
#5304010608
04
#5304510609
b0000000000101011 )
1*
14
#5305010610
04
#5305510611
b0000000000101100 )
0*
14
#5306010612
04
#5306510613
b0000000000101101 )
1*
14
#5307010614
04
#5307510615
b0000000000101110 )
0*
14
#5308010616
04
#5308510617
b0000000000101111 )
1*
14
#5309010618
04
#5309510619
b0000000000110000 )
0*
14
#5310010620
04
#5310510621
b0000000000110001 )
1*
14
#5311010622
04
#5311510623
b0000000000110010 )
0*
14
#5312010624
04
#5312510625
b0000000000110011 )
1*
14
#5313010626
04
#5313510627
b0000000000110100 )
0*
14
#5314010628
04
#5314510629
b0000000000110101 )
1*
14
#5315010630
04
#5315510631
b0000000000110110 )
0*
14
#5316010632
04
#5316510633
b0000000000110111 )
1*
14
#5317010634
04
#5317510635
b0000000000111000 )
0*
14
#5318010636
04
#5318510637
b0000000000111001 )
1*
14
#5319010638
04
#5319510639
b0000000000111010 )
0*
14
#5320010640
04
#5320510641
b0000000000111011 )
1*
14
#5321010642
04
#5321510643
b0000000000111100 )
0*
14
#5322010644
04
#5322510645
b0000000000111101 )
1*
14
#5323010646
04
#5323510647
b0000000000111110 )
0*
14
#5324010648
04
#5324510649
b0000000000111111 )
1*
14
#5325010650
04
#5325510651
b0000000001000000 )
0*
14
#5326010652
04
#5326510653
b0000000001000001 )
1*
14
#5327010654
04
#5327510655
b0000000001000010 )
0*
14
#5328010656
04
#5328510657
b0000000001000011 )
1*
14
#5329010658
04
#5329510659
b0000000001000100 )
0*
14
#5330010660
04
#5330510661
b0000000001000101 )
1*
14
#5331010662
04
#5331510663
b0000000001000110 )
0*
14
#5332010664
04
#5332510665
b0000000001000111 )
1*
14
#5333010666
04
#5333510667
b0000000001001000 )
0*
14
#5334010668
04
#5334510669
b0000000001001001 )
1*
14
#5335010670
04
#5335510671
b0000000001001010 )
0*
14
#5336010672
04
#5336510673
b0000000001001011 )
1*
14
#5337010674
04
#5337510675
b0000000001001100 )
0*
14
#5338010676
04
#5338510677
b0000000001001101 )
1*
14
#5339010678
04
#5339510679
b0000000001001110 )
0*
14
#5340010680
04
#5340510681
b0000000001001111 )
1*
14
#5341010682
04
#5341510683
b0000000001010000 )
0*
14
#5342010684
04
#5342510685
b0000000001010001 )
1*
14
#5343010686
04
#5343510687
b0000000001010010 )
0*
14
#5344010688
04
#5344510689
b0000000001010011 )
1*
14
#5345010690
04
#5345510691
b0000000001010100 )
0*
14
#5346010692
04
#5346510693
b0000000001010101 )
1*
14
#5347010694
04
#5347510695
b0000000001010110 )
0*
14
#5348010696
04
#5348510697
b0000000001010111 )
1*
14
#5349010698
04
#5349510699
b0000000001011000 )
0*
14
#5350010700
04
#5350510701
b0000000001011001 )
1*
14
#5351010702
04
#5351510703
b0000000001011010 )
0*
14
#5352010704
04
#5352510705
b0000000001011011 )
1*
14
#5353010706
04
#5353510707
b0000000001011100 )
0*
14
#5354010708
04
#5354510709
b0000000001011101 )
1*
14
#5355010710
04
#5355510711
b0000000001011110 )
0*
14
#5356010712
04
#5356510713
b0000000001011111 )
1*
14
#5357010714
04
#5357510715
b0000000001100000 )
0*
14
#5358010716
04
#5358510717
b0000000001100001 )
1*
14
#5359010718
04
#5359510719
b0000000001100010 )
0*
14
#5360010720
04
#5360510721
b0000000001100011 )
1*
14
#5361010722
04
#5361510723
b0000000001100100 )
0*
14
#5362010724
04
#5362510725
b0000000000000000 )
1*
0+
14
0;
#5363010726
04
#5363510727
b0000000000000001 )
0*
14
#5364010728
04
#5364510729
b0000000000000010 )
1*
14
#5365010730
04
#5365510731
b0000000000000011 )
0*
14
#5366010732
04
#5366510733
b0000000000000100 )
1*
14
#5367010734
04
#5367510735
b0000000000000101 )
0*
14
#5368010736
04
#5368510737
b0000000000000110 )
1*
14
#5369010738
04
#5369510739
b0000000000000111 )
0*
14
#5370010740
04
#5370510741
b0000000000001000 )
1*
14
#5371010742
04
#5371510743
b0000000000001001 )
0*
14
#5372010744
04
#5372510745
b0000000000001010 )
1*
14
#5373010746
04
#5373510747
b0000000000001011 )
0*
14
#5374010748
04
#5374510749
b0000000000001100 )
1*
14
#5375010750
04
#5375510751
b0000000000001101 )
0*
14
#5376010752
04
#5376510753
b0000000000001110 )
1*
14
#5377010754
04
#5377510755
b0000000000001111 )
0*
14
#5378010756
04
#5378510757
b0000000000010000 )
1*
14
#5379010758
04
#5379510759
b0000000000010001 )
0*
14
#5380010760
04
#5380510761
b0000000000010010 )
1*
14
#5381010762
04
#5381510763
b0000000000010011 )
0*
14
#5382010764
04
#5382510765
b0000000000010100 )
1*
14
#5383010766
04
#5383510767
b0000000000010101 )
0*
14
#5384010768
04
#5384510769
b0000000000010110 )
1*
14
#5385010770
04
#5385510771
b0000000000010111 )
0*
14
#5386010772
04
#5386510773
b0000000000011000 )
1*
14
#5387010774
04
#5387510775
b0000000000011001 )
0*
14
#5388010776
04
#5388510777
b0000000000011010 )
1*
14
#5389010778
04
#5389510779
b0000000000011011 )
0*
14
#5390010780
04
#5390510781
b0000000000011100 )
1*
14
#5391010782
04
#5391510783
b0000000000011101 )
0*
14
#5392010784
04
#5392510785
b0000000000011110 )
1*
14
#5393010786
04
#5393510787
b0000000000011111 )
0*
14
#5394010788
04
#5394510789
b0000000000100000 )
1*
14
#5395010790
04
#5395510791
b0000000000100001 )
0*
14
#5396010792
04
#5396510793
b0000000000100010 )
1*
14
#5397010794
04
#5397510795
b0000000000100011 )
0*
14
#5398010796
04
#5398510797
b0000000000100100 )
1*
14
#5399010798
04
#5399510799
b0000000000100101 )
0*
14
#5400010800
04
#5400510801
b0000000000100110 )
1*
14
#5401010802
04
#5401510803
b0000000000100111 )
0*
14
#5402010804
04
#5402510805
b0000000000101000 )
1*
14
#5403010806
04
#5403510807
b0000000000101001 )
0*
14
#5404010808
04
#5404510809
b0000000000101010 )
1*
14
#5405010810
04
#5405510811
b0000000000101011 )
0*
14
#5406010812
04
#5406510813
b0000000000101100 )
1*
14
#5407010814
04
#5407510815
b0000000000101101 )
0*
14
#5408010816
04
#5408510817
b0000000000101110 )
1*
14
#5409010818
04
#5409510819
b0000000000101111 )
0*
14
#5410010820
04
#5410510821
b0000000000110000 )
1*
14
#5411010822
04
#5411510823
b0000000000110001 )
0*
14
#5412010824
04
#5412510825
b0000000000110010 )
1*
14
#5413010826
04
#5413510827
b0000000000110011 )
0*
14
#5414010828
04
#5414510829
b0000000000110100 )
1*
14
#5415010830
04
#5415510831
b0000000000110101 )
0*
14
#5416010832
04
#5416510833
b0000000000110110 )
1*
14
#5417010834
04
#5417510835
b0000000000110111 )
0*
14
#5418010836
04
#5418510837
b0000000000111000 )
1*
14
#5419010838
04
#5419510839
b0000000000111001 )
0*
14
#5420010840
04
#5420510841
b0000000000111010 )
1*
14
#5421010842
04
#5421510843
b0000000000111011 )
0*
14
#5422010844
04
#5422510845
b0000000000111100 )
1*
14
#5423010846
04
#5423510847
b0000000000111101 )
0*
14
#5424010848
04
#5424510849
b0000000000111110 )
1*
14
#5425010850
04
#5425510851
b0000000000111111 )
0*
14
#5426010852
04
#5426510853
b0000000001000000 )
1*
14
#5427010854
04
#5427510855
b0000000001000001 )
0*
14
#5428010856
04
#5428510857
b0000000001000010 )
1*
14
#5429010858
04
#5429510859
b0000000001000011 )
0*
14
#5430010860
04
#5430510861
b0000000001000100 )
1*
14
#5431010862
04
#5431510863
b0000000001000101 )
0*
14
#5432010864
04
#5432510865
b0000000001000110 )
1*
14
#5433010866
04
#5433510867
b0000000001000111 )
0*
14
#5434010868
04
#5434510869
b0000000001001000 )
1*
14
#5435010870
04
#5435510871
b0000000001001001 )
0*
14
#5436010872
04
#5436510873
b0000000001001010 )
1*
14
#5437010874
04
#5437510875
b0000000001001011 )
0*
14
#5438010876
04
#5438510877
b0000000001001100 )
1*
14
#5439010878
04
#5439510879
b0000000001001101 )
0*
14
#5440010880
04
#5440510881
b0000000001001110 )
1*
14
#5441010882
04
#5441510883
b0000000001001111 )
0*
14
#5442010884
04
#5442510885
b0000000001010000 )
1*
14
#5443010886
04
#5443510887
b0000000001010001 )
0*
14
#5444010888
04
#5444510889
b0000000001010010 )
1*
14
#5445010890
04
#5445510891
b0000000001010011 )
0*
14
#5446010892
04
#5446510893
b0000000001010100 )
1*
14
#5447010894
04
#5447510895
b0000000001010101 )
0*
14
#5448010896
04
#5448510897
b0000000001010110 )
1*
14
#5449010898
04
#5449510899
b0000000001010111 )
0*
14
#5450010900
04
#5450510901
b0000000001011000 )
1*
14
#5451010902
04
#5451510903
b0000000001011001 )
0*
14
#5452010904
04
#5452510905
b0000000001011010 )
1*
14
#5453010906
04
#5453510907
b0000000001011011 )
0*
14
#5454010908
04
#5454510909
b0000000001011100 )
1*
14
#5455010910
04
#5455510911
b0000000001011101 )
0*
14
#5456010912
04
#5456510913
b0000000001011110 )
1*
14
#5457010914
04
#5457510915
b0000000001011111 )
0*
14
#5458010916
04
#5458510917
b0000000001100000 )
1*
14
#5459010918
04
#5459510919
b0000000001100001 )
0*
14
#5460010920
04
#5460510921
b0000000001100010 )
1*
14
#5461010922
04
#5461510923
b0000000001100011 )
0*
14
#5462010924
04
#5462510925
b0000000001100100 )
1*
14
#5463010926
04
#5463510927
b0000000000000000 )
0*
1+
14
1;
#5464010928
04
#5464510929
b0000000000000001 )
1*
14
#5465010930
04
#5465510931
b0000000000000010 )
0*
14
#5466010932
04
#5466510933
b0000000000000011 )
1*
14
#5467010934
04
#5467510935
b0000000000000100 )
0*
14
#5468010936
04
#5468510937
b0000000000000101 )
1*
14
#5469010938
04
#5469510939
b0000000000000110 )
0*
14
#5470010940
04
#5470510941
b0000000000000111 )
1*
14
#5471010942
04
#5471510943
b0000000000001000 )
0*
14
#5472010944
04
#5472510945
b0000000000001001 )
1*
14
#5473010946
04
#5473510947
b0000000000001010 )
0*
14
#5474010948
04
#5474510949
b0000000000001011 )
1*
14
#5475010950
04
#5475510951
b0000000000001100 )
0*
14
#5476010952
04
#5476510953
b0000000000001101 )
1*
14
#5477010954
04
#5477510955
b0000000000001110 )
0*
14
#5478010956
04
#5478510957
b0000000000001111 )
1*
14
#5479010958
04
#5479510959
b0000000000010000 )
0*
14
#5480010960
04
#5480510961
b0000000000010001 )
1*
14
#5481010962
04
#5481510963
b0000000000010010 )
0*
14
#5482010964
04
#5482510965
b0000000000010011 )
1*
14
#5483010966
04
#5483510967
b0000000000010100 )
0*
14
#5484010968
04
#5484510969
b0000000000010101 )
1*
14
#5485010970
04
#5485510971
b0000000000010110 )
0*
14
#5486010972
04
#5486510973
b0000000000010111 )
1*
14
#5487010974
04
#5487510975
b0000000000011000 )
0*
14
#5488010976
04
#5488510977
b0000000000011001 )
1*
14
#5489010978
04
#5489510979
b0000000000011010 )
0*
14
#5490010980
04
#5490510981
b0000000000011011 )
1*
14
#5491010982
04
#5491510983
b0000000000011100 )
0*
14
#5492010984
04
#5492510985
b0000000000011101 )
1*
14
#5493010986
04
#5493510987
b0000000000011110 )
0*
14
#5494010988
04
#5494510989
b0000000000011111 )
1*
14
#5495010990
04
#5495510991
b0000000000100000 )
0*
14
#5496010992
04
#5496510993
b0000000000100001 )
1*
14
#5497010994
04
#5497510995
b0000000000100010 )
0*
14
#5498010996
04
#5498510997
b0000000000100011 )
1*
14
#5499010998
04
#5499510999
b0000000000100100 )
0*
14
#5500011000
04
#5500511001
b0000000000100101 )
1*
14
#5501011002
04
#5501511003
b0000000000100110 )
0*
14
#5502011004
04
#5502511005
b0000000000100111 )
1*
14
#5503011006
04
#5503511007
b0000000000101000 )
0*
14
#5504011008
04
#5504511009
b0000000000101001 )
1*
14
#5505011010
04
#5505511011
b0000000000101010 )
0*
14
#5506011012
04
#5506511013
b0000000000101011 )
1*
14
#5507011014
04
#5507511015
b0000000000101100 )
0*
14
#5508011016
04
#5508511017
b0000000000101101 )
1*
14
#5509011018
04
#5509511019
b0000000000101110 )
0*
14
#5510011020
04
#5510511021
b0000000000101111 )
1*
14
#5511011022
04
#5511511023
b0000000000110000 )
0*
14
#5512011024
04
#5512511025
b0000000000110001 )
1*
14
#5513011026
04
#5513511027
b0000000000110010 )
0*
14
#5514011028
04
#5514511029
b0000000000110011 )
1*
14
#5515011030
04
#5515511031
b0000000000110100 )
0*
14
#5516011032
04
#5516511033
b0000000000110101 )
1*
14
#5517011034
04
#5517511035
b0000000000110110 )
0*
14
#5518011036
04
#5518511037
b0000000000110111 )
1*
14
#5519011038
04
#5519511039
b0000000000111000 )
0*
14
#5520011040
04
#5520511041
b0000000000111001 )
1*
14
#5521011042
04
#5521511043
b0000000000111010 )
0*
14
#5522011044
04
#5522511045
b0000000000111011 )
1*
14
#5523011046
04
#5523511047
b0000000000111100 )
0*
14
#5524011048
04
#5524511049
b0000000000111101 )
1*
14
#5525011050
04
#5525511051
b0000000000111110 )
0*
14
#5526011052
04
#5526511053
b0000000000111111 )
1*
14
#5527011054
04
#5527511055
b0000000001000000 )
0*
14
#5528011056
04
#5528511057
b0000000001000001 )
1*
14
#5529011058
04
#5529511059
b0000000001000010 )
0*
14
#5530011060
04
#5530511061
b0000000001000011 )
1*
14
#5531011062
04
#5531511063
b0000000001000100 )
0*
14
#5532011064
04
#5532511065
b0000000001000101 )
1*
14
#5533011066
04
#5533511067
b0000000001000110 )
0*
14
#5534011068
04
#5534511069
b0000000001000111 )
1*
14
#5535011070
04
#5535511071
b0000000001001000 )
0*
14
#5536011072
04
#5536511073
b0000000001001001 )
1*
14
#5537011074
04
#5537511075
b0000000001001010 )
0*
14
#5538011076
04
#5538511077
b0000000001001011 )
1*
14
#5539011078
04
#5539511079
b0000000001001100 )
0*
14
#5540011080
04
#5540511081
b0000000001001101 )
1*
14
#5541011082
04
#5541511083
b0000000001001110 )
0*
14
#5542011084
04
#5542511085
b0000000001001111 )
1*
14
#5543011086
04
#5543511087
b0000000001010000 )
0*
14
#5544011088
04
#5544511089
b0000000001010001 )
1*
14
#5545011090
04
#5545511091
b0000000001010010 )
0*
14
#5546011092
04
#5546511093
b0000000001010011 )
1*
14
#5547011094
04
#5547511095
b0000000001010100 )
0*
14
#5548011096
04
#5548511097
b0000000001010101 )
1*
14
#5549011098
04
#5549511099
b0000000001010110 )
0*
14
#5550011100
04
#5550511101
b0000000001010111 )
1*
14
#5551011102
04
#5551511103
b0000000001011000 )
0*
14
#5552011104
04
#5552511105
b0000000001011001 )
1*
14
#5553011106
04
#5553511107
b0000000001011010 )
0*
14
#5554011108
04
#5554511109
b0000000001011011 )
1*
14
#5555011110
04
#5555511111
b0000000001011100 )
0*
14
#5556011112
04
#5556511113
b0000000001011101 )
1*
14
#5557011114
04
#5557511115
b0000000001011110 )
0*
14
#5558011116
04
#5558511117
b0000000001011111 )
1*
14
#5559011118
04
#5559511119
b0000000001100000 )
0*
14
#5560011120
04
#5560511121
b0000000001100001 )
1*
14
#5561011122
04
#5561511123
b0000000001100010 )
0*
14
#5562011124
04
#5562511125
b0000000001100011 )
1*
14
#5563011126
04
#5563511127
b0000000001100100 )
0*
14
#5564011128
04
#5564511129
b0000000000000000 )
1*
0+
14
0;
#5565011130
04
#5565511131
b0000000000000001 )
0*
14
#5566011132
04
#5566511133
b0000000000000010 )
1*
14
#5567011134
04
#5567511135
b0000000000000011 )
0*
14
#5568011136
04
#5568511137
b0000000000000100 )
1*
14
#5569011138
04
#5569511139
b0000000000000101 )
0*
14
#5570011140
04
#5570511141
b0000000000000110 )
1*
14
#5571011142
04
#5571511143
b0000000000000111 )
0*
14
#5572011144
04
#5572511145
b0000000000001000 )
1*
14
#5573011146
04
#5573511147
b0000000000001001 )
0*
14
#5574011148
04
#5574511149
b0000000000001010 )
1*
14
#5575011150
04
#5575511151
b0000000000001011 )
0*
14
#5576011152
04
#5576511153
b0000000000001100 )
1*
14
#5577011154
04
#5577511155
b0000000000001101 )
0*
14
#5578011156
04
#5578511157
b0000000000001110 )
1*
14
#5579011158
04
#5579511159
b0000000000001111 )
0*
14
#5580011160
04
#5580511161
b0000000000010000 )
1*
14
#5581011162
04
#5581511163
b0000000000010001 )
0*
14
#5582011164
04
#5582511165
b0000000000010010 )
1*
14
#5583011166
04
#5583511167
b0000000000010011 )
0*
14
#5584011168
04
#5584511169
b0000000000010100 )
1*
14
#5585011170
04
#5585511171
b0000000000010101 )
0*
14
#5586011172
04
#5586511173
b0000000000010110 )
1*
14
#5587011174
04
#5587511175
b0000000000010111 )
0*
14
#5588011176
04
#5588511177
b0000000000011000 )
1*
14
#5589011178
04
#5589511179
b0000000000011001 )
0*
14
#5590011180
04
#5590511181
b0000000000011010 )
1*
14
#5591011182
04
#5591511183
b0000000000011011 )
0*
14
#5592011184
04
#5592511185
b0000000000011100 )
1*
14
#5593011186
04
#5593511187
b0000000000011101 )
0*
14
#5594011188
04
#5594511189
b0000000000011110 )
1*
14
#5595011190
04
#5595511191
b0000000000011111 )
0*
14
#5596011192
04
#5596511193
b0000000000100000 )
1*
14
#5597011194
04
#5597511195
b0000000000100001 )
0*
14
#5598011196
04
#5598511197
b0000000000100010 )
1*
14
#5599011198
04
#5599511199
b0000000000100011 )
0*
14
#5600011200
04
#5600511201
b0000000000100100 )
1*
14
#5601011202
04
#5601511203
b0000000000100101 )
0*
14
#5602011204
04
#5602511205
b0000000000100110 )
1*
14
#5603011206
04
#5603511207
b0000000000100111 )
0*
14
#5604011208
04
#5604511209
b0000000000101000 )
1*
14
#5605011210
04
#5605511211
b0000000000101001 )
0*
14
#5606011212
04
#5606511213
b0000000000101010 )
1*
14
#5607011214
04
#5607511215
b0000000000101011 )
0*
14
#5608011216
04
#5608511217
b0000000000101100 )
1*
14
#5609011218
04
#5609511219
b0000000000101101 )
0*
14
#5610011220
04
#5610511221
b0000000000101110 )
1*
14
#5611011222
04
#5611511223
b0000000000101111 )
0*
14
#5612011224
04
#5612511225
b0000000000110000 )
1*
14
#5613011226
04
#5613511227
b0000000000110001 )
0*
14
#5614011228
04
#5614511229
b0000000000110010 )
1*
14
#5615011230
04
#5615511231
b0000000000110011 )
0*
14
#5616011232
04
#5616511233
b0000000000110100 )
1*
14
#5617011234
04
#5617511235
b0000000000110101 )
0*
14
#5618011236
04
#5618511237
b0000000000110110 )
1*
14
#5619011238
04
#5619511239
b0000000000110111 )
0*
14
#5620011240
04
#5620511241
b0000000000111000 )
1*
14
#5621011242
04
#5621511243
b0000000000111001 )
0*
14
#5622011244
04
#5622511245
b0000000000111010 )
1*
14
#5623011246
04
#5623511247
b0000000000111011 )
0*
14
#5624011248
04
#5624511249
b0000000000111100 )
1*
14
#5625011250
04
#5625511251
b0000000000111101 )
0*
14
#5626011252
04
#5626511253
b0000000000111110 )
1*
14
#5627011254
04
#5627511255
b0000000000111111 )
0*
14
#5628011256
04
#5628511257
b0000000001000000 )
1*
14
#5629011258
04
#5629511259
b0000000001000001 )
0*
14
#5630011260
04
#5630511261
b0000000001000010 )
1*
14
#5631011262
04
#5631511263
b0000000001000011 )
0*
14
#5632011264
04
#5632511265
b0000000001000100 )
1*
14
#5633011266
04
#5633511267
b0000000001000101 )
0*
14
#5634011268
04
#5634511269
b0000000001000110 )
1*
14
#5635011270
04
#5635511271
b0000000001000111 )
0*
14
#5636011272
04
#5636511273
b0000000001001000 )
1*
14
#5637011274
04
#5637511275
b0000000001001001 )
0*
14
#5638011276
04
#5638511277
b0000000001001010 )
1*
14
#5639011278
04
#5639511279
b0000000001001011 )
0*
14
#5640011280
04
#5640511281
b0000000001001100 )
1*
14
#5641011282
04
#5641511283
b0000000001001101 )
0*
14
#5642011284
04
#5642511285
b0000000001001110 )
1*
14
#5643011286
04
#5643511287
b0000000001001111 )
0*
14
#5644011288
04
#5644511289
b0000000001010000 )
1*
14
#5645011290
04
#5645511291
b0000000001010001 )
0*
14
#5646011292
04
#5646511293
b0000000001010010 )
1*
14
#5647011294
04
#5647511295
b0000000001010011 )
0*
14
#5648011296
04
#5648511297
b0000000001010100 )
1*
14
#5649011298
04
#5649511299
b0000000001010101 )
0*
14
#5650011300
04
#5650511301
b0000000001010110 )
1*
14
#5651011302
04
#5651511303
b0000000001010111 )
0*
14
#5652011304
04
#5652511305
b0000000001011000 )
1*
14
#5653011306
04
#5653511307
b0000000001011001 )
0*
14
#5654011308
04
#5654511309
b0000000001011010 )
1*
14
#5655011310
04
#5655511311
b0000000001011011 )
0*
14
#5656011312
04
#5656511313
b0000000001011100 )
1*
14
#5657011314
04
#5657511315
b0000000001011101 )
0*
14
#5658011316
04
#5658511317
b0000000001011110 )
1*
14
#5659011318
04
#5659511319
b0000000001011111 )
0*
14
#5660011320
04
#5660511321
b0000000001100000 )
1*
14
#5661011322
04
#5661511323
b0000000001100001 )
0*
14
#5662011324
04
#5662511325
b0000000001100010 )
1*
14
#5663011326
04
#5663511327
b0000000001100011 )
0*
14
#5664011328
04
#5664511329
b0000000001100100 )
1*
14
#5665011330
04
#5665511331
b0000000000000000 )
0*
1+
14
1;
#5666011332
04
#5666511333
b0000000000000001 )
1*
14
#5667011334
04
#5667511335
b0000000000000010 )
0*
14
#5668011336
04
#5668511337
b0000000000000011 )
1*
14
#5669011338
04
#5669511339
b0000000000000100 )
0*
14
#5670011340
04
#5670511341
b0000000000000101 )
1*
14
#5671011342
04
#5671511343
b0000000000000110 )
0*
14
#5672011344
04
#5672511345
b0000000000000111 )
1*
14
#5673011346
04
#5673511347
b0000000000001000 )
0*
14
#5674011348
04
#5674511349
b0000000000001001 )
1*
14
#5675011350
04
#5675511351
b0000000000001010 )
0*
14
#5676011352
04
#5676511353
b0000000000001011 )
1*
14
#5677011354
04
#5677511355
b0000000000001100 )
0*
14
#5678011356
04
#5678511357
b0000000000001101 )
1*
14
#5679011358
04
#5679511359
b0000000000001110 )
0*
14
#5680011360
04
#5680511361
b0000000000001111 )
1*
14
#5681011362
04
#5681511363
b0000000000010000 )
0*
14
#5682011364
04
#5682511365
b0000000000010001 )
1*
14
#5683011366
04
#5683511367
b0000000000010010 )
0*
14
#5684011368
04
#5684511369
b0000000000010011 )
1*
14
#5685011370
04
#5685511371
b0000000000010100 )
0*
14
#5686011372
04
#5686511373
b0000000000010101 )
1*
14
#5687011374
04
#5687511375
b0000000000010110 )
0*
14
#5688011376
04
#5688511377
b0000000000010111 )
1*
14
#5689011378
04
#5689511379
b0000000000011000 )
0*
14
#5690011380
04
#5690511381
b0000000000011001 )
1*
14
#5691011382
04
#5691511383
b0000000000011010 )
0*
14
#5692011384
04
#5692511385
b0000000000011011 )
1*
14
#5693011386
04
#5693511387
b0000000000011100 )
0*
14
#5694011388
04
#5694511389
b0000000000011101 )
1*
14
#5695011390
04
#5695511391
b0000000000011110 )
0*
14
#5696011392
04
#5696511393
b0000000000011111 )
1*
14
#5697011394
04
#5697511395
b0000000000100000 )
0*
14
#5698011396
04
#5698511397
b0000000000100001 )
1*
14
#5699011398
04
#5699511399
b0000000000100010 )
0*
14
#5700011400
04
#5700511401
b0000000000100011 )
1*
14
#5701011402
04
#5701511403
b0000000000100100 )
0*
14
#5702011404
04
#5702511405
b0000000000100101 )
1*
14
#5703011406
04
#5703511407
b0000000000100110 )
0*
14
#5704011408
04
#5704511409
b0000000000100111 )
1*
14
#5705011410
04
#5705511411
b0000000000101000 )
0*
14
#5706011412
04
#5706511413
b0000000000101001 )
1*
14
#5707011414
04
#5707511415
b0000000000101010 )
0*
14
#5708011416
04
#5708511417
b0000000000101011 )
1*
14
#5709011418
04
#5709511419
b0000000000101100 )
0*
14
#5710011420
04
#5710511421
b0000000000101101 )
1*
14
#5711011422
04
#5711511423
b0000000000101110 )
0*
14
#5712011424
04
#5712511425
b0000000000101111 )
1*
14
#5713011426
04
#5713511427
b0000000000110000 )
0*
14
#5714011428
04
#5714511429
b0000000000110001 )
1*
14
#5715011430
04
#5715511431
b0000000000110010 )
0*
14
#5716011432
04
#5716511433
b0000000000110011 )
1*
14
#5717011434
04
#5717511435
b0000000000110100 )
0*
14
#5718011436
04
#5718511437
b0000000000110101 )
1*
14
#5719011438
04
#5719511439
b0000000000110110 )
0*
14
#5720011440
04
#5720511441
b0000000000110111 )
1*
14
#5721011442
04
#5721511443
b0000000000111000 )
0*
14
#5722011444
04
#5722511445
b0000000000111001 )
1*
14
#5723011446
04
#5723511447
b0000000000111010 )
0*
14
#5724011448
04
#5724511449
b0000000000111011 )
1*
14
#5725011450
04
#5725511451
b0000000000111100 )
0*
14
#5726011452
04
#5726511453
b0000000000111101 )
1*
14
#5727011454
04
#5727511455
b0000000000111110 )
0*
14
#5728011456
04
#5728511457
b0000000000111111 )
1*
14
#5729011458
04
#5729511459
b0000000001000000 )
0*
14
#5730011460
04
#5730511461
b0000000001000001 )
1*
14
#5731011462
04
#5731511463
b0000000001000010 )
0*
14
#5732011464
04
#5732511465
b0000000001000011 )
1*
14
#5733011466
04
#5733511467
b0000000001000100 )
0*
14
#5734011468
04
#5734511469
b0000000001000101 )
1*
14
#5735011470
04
#5735511471
b0000000001000110 )
0*
14
#5736011472
04
#5736511473
b0000000001000111 )
1*
14
#5737011474
04
#5737511475
b0000000001001000 )
0*
14
#5738011476
04
#5738511477
b0000000001001001 )
1*
14
#5739011478
04
#5739511479
b0000000001001010 )
0*
14
#5740011480
04
#5740511481
b0000000001001011 )
1*
14
#5741011482
04
#5741511483
b0000000001001100 )
0*
14
#5742011484
04
#5742511485
b0000000001001101 )
1*
14
#5743011486
04
#5743511487
b0000000001001110 )
0*
14
#5744011488
04
#5744511489
b0000000001001111 )
1*
14
#5745011490
04
#5745511491
b0000000001010000 )
0*
14
#5746011492
04
#5746511493
b0000000001010001 )
1*
14
#5747011494
04
#5747511495
b0000000001010010 )
0*
14
#5748011496
04
#5748511497
b0000000001010011 )
1*
14
#5749011498
04
#5749511499
b0000000001010100 )
0*
14
#5750011500
04
#5750511501
b0000000001010101 )
1*
14
#5751011502
04
#5751511503
b0000000001010110 )
0*
14
#5752011504
04
#5752511505
b0000000001010111 )
1*
14
#5753011506
04
#5753511507
b0000000001011000 )
0*
14
#5754011508
04
#5754511509
b0000000001011001 )
1*
14
#5755011510
04
#5755511511
b0000000001011010 )
0*
14
#5756011512
04
#5756511513
b0000000001011011 )
1*
14
#5757011514
04
#5757511515
b0000000001011100 )
0*
14
#5758011516
04
#5758511517
b0000000001011101 )
1*
14
#5759011518
04
#5759511519
b0000000001011110 )
0*
14
#5760011520
04
#5760511521
b0000000001011111 )
1*
14
#5761011522
04
#5761511523
b0000000001100000 )
0*
14
#5762011524
04
#5762511525
b0000000001100001 )
1*
14
#5763011526
04
#5763511527
b0000000001100010 )
0*
14
#5764011528
04
#5764511529
b0000000001100011 )
1*
14
#5765011530
04
#5765511531
b0000000001100100 )
0*
14
#5766011532
04
#5766511533
b0000000000000000 )
1*
0+
14
0;
#5767011534
04
#5767511535
b0000000000000001 )
0*
14
#5768011536
04
#5768511537
b0000000000000010 )
1*
14
#5769011538
04
#5769511539
b0000000000000011 )
0*
14
#5770011540
04
#5770511541
b0000000000000100 )
1*
14
#5771011542
04
#5771511543
b0000000000000101 )
0*
14
#5772011544
04
#5772511545
b0000000000000110 )
1*
14
#5773011546
04
#5773511547
b0000000000000111 )
0*
14
#5774011548
04
#5774511549
b0000000000001000 )
1*
14
#5775011550
04
#5775511551
b0000000000001001 )
0*
14
#5776011552
04
#5776511553
b0000000000001010 )
1*
14
#5777011554
04
#5777511555
b0000000000001011 )
0*
14
#5778011556
04
#5778511557
b0000000000001100 )
1*
14
#5779011558
04
#5779511559
b0000000000001101 )
0*
14
#5780011560
04
#5780511561
b0000000000001110 )
1*
14
#5781011562
04
#5781511563
b0000000000001111 )
0*
14
#5782011564
04
#5782511565
b0000000000010000 )
1*
14
#5783011566
04
#5783511567
b0000000000010001 )
0*
14
#5784011568
04
#5784511569
b0000000000010010 )
1*
14
#5785011570
04
#5785511571
b0000000000010011 )
0*
14
#5786011572
04
#5786511573
b0000000000010100 )
1*
14
#5787011574
04
#5787511575
b0000000000010101 )
0*
14
#5788011576
04
#5788511577
b0000000000010110 )
1*
14
#5789011578
04
#5789511579
b0000000000010111 )
0*
14
#5790011580
04
#5790511581
b0000000000011000 )
1*
14
#5791011582
04
#5791511583
b0000000000011001 )
0*
14
#5792011584
04
#5792511585
b0000000000011010 )
1*
14
#5793011586
04
#5793511587
b0000000000011011 )
0*
14
#5794011588
04
#5794511589
b0000000000011100 )
1*
14
#5795011590
04
#5795511591
b0000000000011101 )
0*
14
#5796011592
04
#5796511593
b0000000000011110 )
1*
14
#5797011594
04
#5797511595
b0000000000011111 )
0*
14
#5798011596
04
#5798511597
b0000000000100000 )
1*
14
#5799011598
04
#5799511599
b0000000000100001 )
0*
14
#5800011600
04
#5800511601
b0000000000100010 )
1*
14
#5801011602
04
#5801511603
b0000000000100011 )
0*
14
#5802011604
04
#5802511605
b0000000000100100 )
1*
14
#5803011606
04
#5803511607
b0000000000100101 )
0*
14
#5804011608
04
#5804511609
b0000000000100110 )
1*
14
#5805011610
04
#5805511611
b0000000000100111 )
0*
14
#5806011612
04
#5806511613
b0000000000101000 )
1*
14
#5807011614
04
#5807511615
b0000000000101001 )
0*
14
#5808011616
04
#5808511617
b0000000000101010 )
1*
14
#5809011618
04
#5809511619
b0000000000101011 )
0*
14
#5810011620
04
#5810511621
b0000000000101100 )
1*
14
#5811011622
04
#5811511623
b0000000000101101 )
0*
14
#5812011624
04
#5812511625
b0000000000101110 )
1*
14
#5813011626
04
#5813511627
b0000000000101111 )
0*
14
#5814011628
04
#5814511629
b0000000000110000 )
1*
14
#5815011630
04
#5815511631
b0000000000110001 )
0*
14
#5816011632
04
#5816511633
b0000000000110010 )
1*
14
#5817011634
04
#5817511635
b0000000000110011 )
0*
14
#5818011636
04
#5818511637
b0000000000110100 )
1*
14
#5819011638
04
#5819511639
b0000000000110101 )
0*
14
#5820011640
04
#5820511641
b0000000000110110 )
1*
14
#5821011642
04
#5821511643
b0000000000110111 )
0*
14
#5822011644
04
#5822511645
b0000000000111000 )
1*
14
#5823011646
04
#5823511647
b0000000000111001 )
0*
14
#5824011648
04
#5824511649
b0000000000111010 )
1*
14
#5825011650
04
#5825511651
b0000000000111011 )
0*
14
#5826011652
04
#5826511653
b0000000000111100 )
1*
14
#5827011654
04
#5827511655
b0000000000111101 )
0*
14
#5828011656
04
#5828511657
b0000000000111110 )
1*
14
#5829011658
04
#5829511659
b0000000000111111 )
0*
14
#5830011660
04
#5830511661
b0000000001000000 )
1*
14
#5831011662
04
#5831511663
b0000000001000001 )
0*
14
#5832011664
04
#5832511665
b0000000001000010 )
1*
14
#5833011666
04
#5833511667
b0000000001000011 )
0*
14
#5834011668
04
#5834511669
b0000000001000100 )
1*
14
#5835011670
04
#5835511671
b0000000001000101 )
0*
14
#5836011672
04
#5836511673
b0000000001000110 )
1*
14
#5837011674
04
#5837511675
b0000000001000111 )
0*
14
#5838011676
04
#5838511677
b0000000001001000 )
1*
14
#5839011678
04
#5839511679
b0000000001001001 )
0*
14
#5840011680
04
#5840511681
b0000000001001010 )
1*
14
#5841011682
04
#5841511683
b0000000001001011 )
0*
14
#5842011684
04
#5842511685
b0000000001001100 )
1*
14
#5843011686
04
#5843511687
b0000000001001101 )
0*
14
#5844011688
04
#5844511689
b0000000001001110 )
1*
14
#5845011690
04
#5845511691
b0000000001001111 )
0*
14
#5846011692
04
#5846511693
b0000000001010000 )
1*
14
#5847011694
04
#5847511695
b0000000001010001 )
0*
14
#5848011696
04
#5848511697
b0000000001010010 )
1*
14
#5849011698
04
#5849511699
b0000000001010011 )
0*
14
#5850011700
04
#5850511701
b0000000001010100 )
1*
14
#5851011702
04
#5851511703
b0000000001010101 )
0*
14
#5852011704
04
#5852511705
b0000000001010110 )
1*
14
#5853011706
04
#5853511707
b0000000001010111 )
0*
14
#5854011708
04
#5854511709
b0000000001011000 )
1*
14
#5855011710
04
#5855511711
b0000000001011001 )
0*
14
#5856011712
04
#5856511713
b0000000001011010 )
1*
14
#5857011714
04
#5857511715
b0000000001011011 )
0*
14
#5858011716
04
#5858511717
b0000000001011100 )
1*
14
#5859011718
04
#5859511719
b0000000001011101 )
0*
14
#5860011720
04
#5860511721
b0000000001011110 )
1*
14
#5861011722
04
#5861511723
b0000000001011111 )
0*
14
#5862011724
04
#5862511725
b0000000001100000 )
1*
14
#5863011726
04
#5863511727
b0000000001100001 )
0*
14
#5864011728
04
#5864511729
b0000000001100010 )
1*
14
#5865011730
04
#5865511731
b0000000001100011 )
0*
14
#5866011732
04
#5866511733
b0000000001100100 )
1*
14
#5867011734
04
#5867511735
b0000000000000000 )
0*
1+
14
1;
#5868011736
04
#5868511737
b0000000000000001 )
1*
14
#5869011738
04
#5869511739
b0000000000000010 )
0*
14
#5870011740
04
#5870511741
b0000000000000011 )
1*
14
#5871011742
04
#5871511743
b0000000000000100 )
0*
14
#5872011744
04
#5872511745
b0000000000000101 )
1*
14
#5873011746
04
#5873511747
b0000000000000110 )
0*
14
#5874011748
04
#5874511749
b0000000000000111 )
1*
14
#5875011750
04
#5875511751
b0000000000001000 )
0*
14
#5876011752
04
#5876511753
b0000000000001001 )
1*
14
#5877011754
04
#5877511755
b0000000000001010 )
0*
14
#5878011756
04
#5878511757
b0000000000001011 )
1*
14
#5879011758
04
#5879511759
b0000000000001100 )
0*
14
#5880011760
04
#5880511761
b0000000000001101 )
1*
14
#5881011762
04
#5881511763
b0000000000001110 )
0*
14
#5882011764
04
#5882511765
b0000000000001111 )
1*
14
#5883011766
04
#5883511767
b0000000000010000 )
0*
14
#5884011768
04
#5884511769
b0000000000010001 )
1*
14
#5885011770
04
#5885511771
b0000000000010010 )
0*
14
#5886011772
04
#5886511773
b0000000000010011 )
1*
14
#5887011774
04
#5887511775
b0000000000010100 )
0*
14
#5888011776
04
#5888511777
b0000000000010101 )
1*
14
#5889011778
04
#5889511779
b0000000000010110 )
0*
14
#5890011780
04
#5890511781
b0000000000010111 )
1*
14
#5891011782
04
#5891511783
b0000000000011000 )
0*
14
#5892011784
04
#5892511785
b0000000000011001 )
1*
14
#5893011786
04
#5893511787
b0000000000011010 )
0*
14
#5894011788
04
#5894511789
b0000000000011011 )
1*
14
#5895011790
04
#5895511791
b0000000000011100 )
0*
14
#5896011792
04
#5896511793
b0000000000011101 )
1*
14
#5897011794
04
#5897511795
b0000000000011110 )
0*
14
#5898011796
04
#5898511797
b0000000000011111 )
1*
14
#5899011798
04
#5899511799
b0000000000100000 )
0*
14
#5900011800
04
#5900511801
b0000000000100001 )
1*
14
#5901011802
04
#5901511803
b0000000000100010 )
0*
14
#5902011804
04
#5902511805
b0000000000100011 )
1*
14
#5903011806
04
#5903511807
b0000000000100100 )
0*
14
#5904011808
04
#5904511809
b0000000000100101 )
1*
14
#5905011810
04
#5905511811
b0000000000100110 )
0*
14
#5906011812
04
#5906511813
b0000000000100111 )
1*
14
#5907011814
04
#5907511815
b0000000000101000 )
0*
14
#5908011816
04
#5908511817
b0000000000101001 )
1*
14
#5909011818
04
#5909511819
b0000000000101010 )
0*
14
#5910011820
04
#5910511821
b0000000000101011 )
1*
14
#5911011822
04
#5911511823
b0000000000101100 )
0*
14
#5912011824
04
#5912511825
b0000000000101101 )
1*
14
#5913011826
04
#5913511827
b0000000000101110 )
0*
14
#5914011828
04
#5914511829
b0000000000101111 )
1*
14
#5915011830
04
#5915511831
b0000000000110000 )
0*
14
#5916011832
04
#5916511833
b0000000000110001 )
1*
14
#5917011834
04
#5917511835
b0000000000110010 )
0*
14
#5918011836
04
#5918511837
b0000000000110011 )
1*
14
#5919011838
04
#5919511839
b0000000000110100 )
0*
14
#5920011840
04
#5920511841
b0000000000110101 )
1*
14
#5921011842
04
#5921511843
b0000000000110110 )
0*
14
#5922011844
04
#5922511845
b0000000000110111 )
1*
14
#5923011846
04
#5923511847
b0000000000111000 )
0*
14
#5924011848
04
#5924511849
b0000000000111001 )
1*
14
#5925011850
04
#5925511851
b0000000000111010 )
0*
14
#5926011852
04
#5926511853
b0000000000111011 )
1*
14
#5927011854
04
#5927511855
b0000000000111100 )
0*
14
#5928011856
04
#5928511857
b0000000000111101 )
1*
14
#5929011858
04
#5929511859
b0000000000111110 )
0*
14
#5930011860
04
#5930511861
b0000000000111111 )
1*
14
#5931011862
04
#5931511863
b0000000001000000 )
0*
14
#5932011864
04
#5932511865
b0000000001000001 )
1*
14
#5933011866
04
#5933511867
b0000000001000010 )
0*
14
#5934011868
04
#5934511869
b0000000001000011 )
1*
14
#5935011870
04
#5935511871
b0000000001000100 )
0*
14
#5936011872
04
#5936511873
b0000000001000101 )
1*
14
#5937011874
04
#5937511875
b0000000001000110 )
0*
14
#5938011876
04
#5938511877
b0000000001000111 )
1*
14
#5939011878
04
#5939511879
b0000000001001000 )
0*
14
#5940011880
04
#5940511881
b0000000001001001 )
1*
14
#5941011882
04
#5941511883
b0000000001001010 )
0*
14
#5942011884
04
#5942511885
b0000000001001011 )
1*
14
#5943011886
04
#5943511887
b0000000001001100 )
0*
14
#5944011888
04
#5944511889
b0000000001001101 )
1*
14
#5945011890
04
#5945511891
b0000000001001110 )
0*
14
#5946011892
04
#5946511893
b0000000001001111 )
1*
14
#5947011894
04
#5947511895
b0000000001010000 )
0*
14
#5948011896
04
#5948511897
b0000000001010001 )
1*
14
#5949011898
04
#5949511899
b0000000001010010 )
0*
14
#5950011900
04
#5950511901
b0000000001010011 )
1*
14
#5951011902
04
#5951511903
b0000000001010100 )
0*
14
#5952011904
04
#5952511905
b0000000001010101 )
1*
14
#5953011906
04
#5953511907
b0000000001010110 )
0*
14
#5954011908
04
#5954511909
b0000000001010111 )
1*
14
#5955011910
04
#5955511911
b0000000001011000 )
0*
14
#5956011912
04
#5956511913
b0000000001011001 )
1*
14
#5957011914
04
#5957511915
b0000000001011010 )
0*
14
#5958011916
04
#5958511917
b0000000001011011 )
1*
14
#5959011918
04
#5959511919
b0000000001011100 )
0*
14
#5960011920
04
#5960511921
b0000000001011101 )
1*
14
#5961011922
04
#5961511923
b0000000001011110 )
0*
14
#5962011924
04
#5962511925
b0000000001011111 )
1*
14
#5963011926
04
#5963511927
b0000000001100000 )
0*
14
#5964011928
04
#5964511929
b0000000001100001 )
1*
14
#5965011930
04
#5965511931
b0000000001100010 )
0*
14
#5966011932
04
#5966511933
b0000000001100011 )
1*
14
#5967011934
04
#5967511935
b0000000001100100 )
0*
14
#5968011936
04
#5968511937
b0000000000000000 )
1*
0+
14
0;
#5969011938
04
#5969511939
b0000000000000001 )
0*
14
#5970011940
04
#5970511941
b0000000000000010 )
1*
14
#5971011942
04
#5971511943
b0000000000000011 )
0*
14
#5972011944
04
#5972511945
b0000000000000100 )
1*
14
#5973011946
04
#5973511947
b0000000000000101 )
0*
14
#5974011948
04
#5974511949
b0000000000000110 )
1*
14
#5975011950
04
#5975511951
b0000000000000111 )
0*
14
#5976011952
04
#5976511953
b0000000000001000 )
1*
14
#5977011954
04
#5977511955
b0000000000001001 )
0*
14
#5978011956
04
#5978511957
b0000000000001010 )
1*
14
#5979011958
04
#5979511959
b0000000000001011 )
0*
14
#5980011960
04
#5980511961
b0000000000001100 )
1*
14
#5981011962
04
#5981511963
b0000000000001101 )
0*
14
#5982011964
04
#5982511965
b0000000000001110 )
1*
14
#5983011966
04
#5983511967
b0000000000001111 )
0*
14
#5984011968
04
#5984511969
b0000000000010000 )
1*
14
#5985011970
04
#5985511971
b0000000000010001 )
0*
14
#5986011972
04
#5986511973
b0000000000010010 )
1*
14
#5987011974
04
#5987511975
b0000000000010011 )
0*
14
#5988011976
04
#5988511977
b0000000000010100 )
1*
14
#5989011978
04
#5989511979
b0000000000010101 )
0*
14
#5990011980
04
#5990511981
b0000000000010110 )
1*
14
#5991011982
04
#5991511983
b0000000000010111 )
0*
14
#5992011984
04
#5992511985
b0000000000011000 )
1*
14
#5993011986
04
#5993511987
b0000000000011001 )
0*
14
#5994011988
04
#5994511989
b0000000000011010 )
1*
14
#5995011990
04
#5995511991
b0000000000011011 )
0*
14
#5996011992
04
#5996511993
b0000000000011100 )
1*
14
#5997011994
04
#5997511995
b0000000000011101 )
0*
14
#5998011996
04
#5998511997
b0000000000011110 )
1*
14
#5999011998
04
#5999511999
b0000000000011111 )
0*
14
#6000012000
04
#6000512001
b0000000000100000 )
1*
14
#6001012002
04
#6001512003
b0000000000100001 )
0*
14
#6002012004
04
#6002512005
b0000000000100010 )
1*
14
#6003012006
04
#6003512007
b0000000000100011 )
0*
14
#6004012008
04
#6004512009
b0000000000100100 )
1*
14
#6005012010
04
#6005512011
b0000000000100101 )
0*
14
#6006012012
04
#6006512013
b0000000000100110 )
1*
14
#6007012014
04
#6007512015
b0000000000100111 )
0*
14
#6008012016
04
#6008512017
b0000000000101000 )
1*
14
#6009012018
04
#6009512019
b0000000000101001 )
0*
14
